Entity,Code,Year,$1 a day - share of population below poverty line
Albania,ALB,1996,0.05741581265349356
Albania,ALB,2002,0.04637062332571041
Albania,ALB,2005,0
Albania,ALB,2008,0
Albania,ALB,2012,0.02410075743530042
Albania,ALB,2014,0
Albania,ALB,2015,0
Albania,ALB,2016,0
Albania,ALB,2017,0
Albania,ALB,2018,0
Albania,ALB,2019,0
Algeria,DZA,1988,0
Algeria,DZA,1995,0.23578491210937003
Algeria,DZA,2011,0.089329833984375
Angola,AGO,2000,7.8573646692006
Angola,AGO,2008,1.98209007121899
Angola,AGO,2018,8.80786613967893
Argentina - urban,,1980,0.12594360351562
Argentina - urban,,1986,1.1022474564092
Argentina - urban,,1987,0.7880117956374
Argentina - urban,,1991,0.53728060008261
Argentina - urban,,1992,1.06312849831601
Argentina - urban,,1993,1.0336033020717899
Argentina - urban,,1994,1.29244852777052
Argentina - urban,,1995,1.76863375364954
Argentina - urban,,1996,2.5487679089089403
Argentina - urban,,1997,2.0069841904165098
Argentina - urban,,1998,1.64267235674284
Argentina - urban,,1999,1.9623505650778998
Argentina - urban,,2000,2.30077628220891
Argentina - urban,,2001,3.86947834399298
Argentina - urban,,2002,3.34909403244427
Argentina - urban,,2003,1.1795230265574501
Argentina - urban,,2004,0.7748987991513601
Argentina - urban,,2005,0.52931547713857
Argentina - urban,,2006,0.5153475820707201
Argentina - urban,,2007,0.45755605732934995
Argentina - urban,,2008,0.39047360785357
Argentina - urban,,2009,0.29676244081465
Argentina - urban,,2010,0.19347610300372
Argentina - urban,,2011,0.21138954614109998
Argentina - urban,,2012,0.24633505700186
Argentina - urban,,2013,0.20837932447586002
Argentina - urban,,2014,0.20648963211777
Argentina - urban,,2016,0.22951449587227
Argentina - urban,,2017,0.16257242898677998
Argentina - urban,,2018,0.18875153423293
Argentina - urban,,2019,0.23625265439941
Argentina - urban,,2020,0.24211109359821
Armenia,ARM,1996,1.01077636718749
Armenia,ARM,1999,0.64646907357694
Armenia,ARM,2001,0.52064267506519
Armenia,ARM,2002,0.44875808808182
Armenia,ARM,2003,0.07279534109816972
Armenia,ARM,2004,0.35428651606566003
Armenia,ARM,2005,0.12757926463915
Armenia,ARM,2006,0.02287305778929687
Armenia,ARM,2007,0.06140514888564154
Armenia,ARM,2008,0.02640246479703593
Armenia,ARM,2009,0.0026869600086041473
Armenia,ARM,2010,0.04573678388292488
Armenia,ARM,2011,0.007323755902851703
Armenia,ARM,2012,0.013113904566693148
Armenia,ARM,2013,0.04486408110543723
Armenia,ARM,2014,0.0295236781923245
Armenia,ARM,2015,0.07058717091643307
Armenia,ARM,2016,0.03414427939486171
Armenia,ARM,2017,0.0044131255337794195
Armenia,ARM,2018,0.01720238697161639
Armenia,ARM,2019,0
Armenia,ARM,2020,0
Australia,AUS,1981,0.49595210686825003
Australia,AUS,1985,0.66827303025312
Australia,AUS,1989,0.49822836124672
Australia,AUS,1995,0.49672849184304996
Australia,AUS,2001,0.74741161550504
Australia,AUS,2003,0.73990721330024
Australia,AUS,2004,0.49927590617178
Australia,AUS,2008,0.36123243956321
Australia,AUS,2010,0.3491684119292
Australia,AUS,2014,0.24392872915468003
Australia,AUS,2016,0.24475048002445002
Australia,AUS,2018,0.49709397223352003
Austria,AUT,1987,0
Austria,AUT,1994,0.24839921379949
Austria,AUT,1995,0.9940315313986801
Austria,AUT,1997,0.20907756491374002
Austria,AUT,2000,0
Austria,AUT,2003,0.28945233738803
Austria,AUT,2004,0.0715546140525459
Austria,AUT,2005,0.10691167288421
Austria,AUT,2006,0.057253729484190594
Austria,AUT,2007,0.26251306528969
Austria,AUT,2008,0.2039895237926
Austria,AUT,2009,0.4920001042047
Austria,AUT,2010,0.36740853617388997
Austria,AUT,2011,0.32723201472888
Austria,AUT,2012,0.48937883953065
Austria,AUT,2013,0.26938468164867996
Austria,AUT,2014,0.13353008621606
Austria,AUT,2015,0.56102145434447
Austria,AUT,2016,0.55601641807044
Austria,AUT,2017,0.23195088733402003
Austria,AUT,2018,0.48098324130155
Austria,AUT,2019,0.54076021374721
Azerbaijan,AZE,1995,1.8778377737717102
Azerbaijan,AZE,2001,0.18277825922099
Azerbaijan,AZE,2002,0
Azerbaijan,AZE,2003,0
Azerbaijan,AZE,2004,0
Azerbaijan,AZE,2005,0
Bangladesh,BGD,1983,2.27395141601562
Bangladesh,BGD,1988,1.6820288085937398
Bangladesh,BGD,1991,2.33442863132026
Bangladesh,BGD,1995,1.30129784739926
Bangladesh,BGD,2000,1.03456493741521
Bangladesh,BGD,2005,0.35118826545934
Bangladesh,BGD,2010,0.20889346547858
Bangladesh,BGD,2016,0.18262631037759
Belarus,BLR,1993,0.016102294921875
Belarus,BLR,1995,0.29680786132812
Belarus,BLR,1998,1.9189042286224498
Belarus,BLR,1999,2.2078599772164202
Belarus,BLR,2000,1.2397556225194
Belarus,BLR,2001,0.46576948564547
Belarus,BLR,2002,0.26367088958649
Belarus,BLR,2003,0.27841350968539
Belarus,BLR,2004,0.06005474359966341
Belarus,BLR,2005,0
Belarus,BLR,2006,0.04503036809556985
Belarus,BLR,2007,0
Belarus,BLR,2008,0
Belarus,BLR,2009,0.009147272793163918
Belarus,BLR,2010,0
Belarus,BLR,2011,0
Belarus,BLR,2012,0
Belarus,BLR,2013,0
Belarus,BLR,2014,0
Belarus,BLR,2015,0
Belarus,BLR,2016,0
Belarus,BLR,2017,0
Belarus,BLR,2018,0
Belarus,BLR,2019,0
Belarus,BLR,2020,0
Belgium,BEL,1985,0.24018778111196
Belgium,BEL,1988,0.47780891416932
Belgium,BEL,1992,0.69567882775287
Belgium,BEL,1995,0.41241007019715004
Belgium,BEL,1997,0.23988640528927
Belgium,BEL,2000,0.30550600944605
Belgium,BEL,2003,0.1448450446781
Belgium,BEL,2004,0.01655528576042338
Belgium,BEL,2005,0.14210593039567
Belgium,BEL,2006,0.12815206136329002
Belgium,BEL,2007,0.06812647182144958
Belgium,BEL,2008,0.08324129006108244
Belgium,BEL,2009,0.0558210718699312
Belgium,BEL,2010,0.0966101954529084
Belgium,BEL,2011,0.07231613792531202
Belgium,BEL,2012,0.14023275550368
Belgium,BEL,2013,0.13133752023179
Belgium,BEL,2014,0.06925334316397913
Belgium,BEL,2015,0.07075854825920441
Belgium,BEL,2016,0.05704736955345123
Belgium,BEL,2017,0.14786858240154999
Belgium,BEL,2018,0.06444813832980581
Belgium,BEL,2019,0.05232638398779642
Belize,BLZ,1993,5.16817250018981
Belize,BLZ,1994,4.6180688948649
Belize,BLZ,1995,4.38657876321314
Belize,BLZ,1996,5.54833021051471
Belize,BLZ,1997,7.875913393872789
Belize,BLZ,1998,5.93202062515929
Belize,BLZ,1999,6.94127454865998
Benin,BEN,2003,10.08207200572536
Benin,BEN,2011,12.12600097682382
Benin,BEN,2015,19.32680914503229
Benin,BEN,2018,1.08232315506268
Bhutan,BTN,2003,0.13222368575974
Bhutan,BTN,2007,0.16208718545786
Bhutan,BTN,2012,0.019582276152933398
Bhutan,BTN,2017,0.027519249512087198
Bolivia,BOL,1997,8.04386468340011
Bolivia,BOL,1999,13.11257486352858
Bolivia,BOL,2000,16.16798018270927
Bolivia,BOL,2001,9.92902651701234
Bolivia,BOL,2002,11.07365553448789
Bolivia,BOL,2004,3.53903358094477
Bolivia,BOL,2005,7.68087802328173
Bolivia,BOL,2006,5.96187956211092
Bolivia,BOL,2007,4.31417811221584
Bolivia,BOL,2008,3.5046924056105695
Bolivia,BOL,2009,3.14120951793312
Bolivia,BOL,2011,1.89349727951366
Bolivia,BOL,2012,2.7729175534383
Bolivia,BOL,2013,2.0672469274295
Bolivia,BOL,2014,1.4422919862341101
Bolivia,BOL,2015,1.94929249763156
Bolivia,BOL,2016,2.30406625318783
Bolivia,BOL,2017,1.5223555813621301
Bolivia,BOL,2018,1.1284764892274
Bolivia,BOL,2019,0.31339259040029
Bolivia,BOL,2020,0.23347065157998
Bolivia - urban,,1990,0
Bolivia - urban,,1992,2.0121586837031797
Bosnia and Herzegovina,BIH,2001,0.058186674568982064
Bosnia and Herzegovina,BIH,2004,0.036919059405415774
Bosnia and Herzegovina,BIH,2007,0.008462454752074335
Bosnia and Herzegovina,BIH,2011,0
Botswana,BWA,1985,14.94473378762882
Botswana,BWA,1993,9.92012695312499
Botswana,BWA,2002,7.3717907555162
Botswana,BWA,2009,3.01308867404678
Botswana,BWA,2015,1.57295451005659
Brazil,BRA,1981,7.2904448454266095
Brazil,BRA,1982,7.222715043043321
Brazil,BRA,1983,9.70204077491451
Brazil,BRA,1984,8.96959662202195
Brazil,BRA,1985,7.608413693828189
Brazil,BRA,1986,3.1089014347359
Brazil,BRA,1987,6.09367835105617
Brazil,BRA,1988,7.56138794068885
Brazil,BRA,1989,6.77056336774781
Brazil,BRA,1990,7.65258407219491
Brazil,BRA,1992,8.38595443124854
Brazil,BRA,1993,7.7417432596951095
Brazil,BRA,1995,4.38184661736074
Brazil,BRA,1996,5.2012795060796
Brazil,BRA,1997,5.15151932964245
Brazil,BRA,1998,4.22946157906225
Brazil,BRA,1999,4.420660324478369
Brazil,BRA,2001,4.032420916077481
Brazil,BRA,2002,3.24969345280623
Brazil,BRA,2003,3.7050991907147
Brazil,BRA,2004,3.00093582175323
Brazil,BRA,2005,2.5896038111794297
Brazil,BRA,2006,2.27160994234571
Brazil,BRA,2007,2.58964343333574
Brazil,BRA,2008,1.8984747805079398
Brazil,BRA,2009,1.8427918611536702
Brazil,BRA,2011,1.7445939031986502
Brazil,BRA,2012,1.05011937870926
Brazil,BRA,2013,0.73518173829031
Brazil,BRA,2014,0.61996407302794
Brazil,BRA,2015,0.73827951503367
Brazil,BRA,2016,1.14468494293853
Brazil,BRA,2017,1.3130837524913201
Brazil,BRA,2018,1.33564565861424
Brazil,BRA,2019,1.44639905364977
Brazil,BRA,2020,0.42300844605159
Bulgaria,BGR,1989,0.028306884765625002
Bulgaria,BGR,1992,0
Bulgaria,BGR,1994,0.13814819335936998
Bulgaria,BGR,1995,0.18978605935127
Bulgaria,BGR,1997,0.077125244140625
Bulgaria,BGR,2001,0.05362649148679448
Bulgaria,BGR,2003,0
Bulgaria,BGR,2006,2.14933602087737
Bulgaria,BGR,2007,0.13101867259613
Bulgaria,BGR,2008,0.27491729823165
Bulgaria,BGR,2009,0.09645986957046472
Bulgaria,BGR,2010,0.39475778343508
Bulgaria,BGR,2011,0.73168725361118
Bulgaria,BGR,2012,0.49463664271869
Bulgaria,BGR,2013,0.59403467536375
Bulgaria,BGR,2014,0.39313333091541003
Bulgaria,BGR,2015,1.1950618081736
Bulgaria,BGR,2016,0.51845686869033
Bulgaria,BGR,2017,0.3899717135653
Bulgaria,BGR,2018,0.10104903746353999
Bulgaria,BGR,2019,0.19787136878207998
Burkina Faso,BFA,1994,52.73612228698114
Burkina Faso,BFA,1998,40.45768671000925
Burkina Faso,BFA,2003,15.87727255011741
Burkina Faso,BFA,2009,10.56885849583348
Burkina Faso,BFA,2014,1.3478049709587099
Burkina Faso,BFA,2018,2.19124802777808
Burundi,BDI,1992,24.956181640625
Burundi,BDI,1998,38.51968787921659
Burundi,BDI,2006,15.806496490471861
Burundi,BDI,2013,17.5659773516824
Cameroon,CMR,1996,9.36856395224516
Cameroon,CMR,2001,2.32625539787265
Cameroon,CMR,2007,2.6625274096206097
Cameroon,CMR,2014,4.82372648765619
Canada,CAN,1971,1.74807258981719
Canada,CAN,1975,0.74740947627625
Canada,CAN,1981,0.22156516493645
Canada,CAN,1987,0
Canada,CAN,1991,0.21757377323914
Canada,CAN,1994,0.24814096765243002
Canada,CAN,1997,0.24115466268164998
Canada,CAN,1998,0.24714529238914
Canada,CAN,2000,0.24981048124975
Canada,CAN,2004,0.24355848530468
Canada,CAN,2007,0
Canada,CAN,2010,0
Canada,CAN,2012,0
Canada,CAN,2013,0.24299476305735998
Canada,CAN,2014,0
Canada,CAN,2015,0
Canada,CAN,2016,0
Canada,CAN,2017,0
Cape Verde,CPV,2001,2.54712792152746
Cape Verde,CPV,2007,0.88722697007938
Cape Verde,CPV,2015,0.21340929356087998
Central African Republic,CAF,1992,61.76208557167233
Central African Republic,CAF,2008,27.9502777596733
Chad,TCD,2003,17.078521184022723
Chad,TCD,2011,11.14084039260489
Chad,TCD,2018,3.0951278866273
Chile,CHL,1987,3.41746899709491
Chile,CHL,1990,2.22588264750293
Chile,CHL,1992,1.17859397528879
Chile,CHL,1994,1.6403644065660998
Chile,CHL,1996,1.0590724658237
Chile,CHL,1998,1.16503749130969
Chile,CHL,2000,1.56935586090192
Chile,CHL,2003,1.56507191144314
Chile,CHL,2006,0.40452296853726
Chile,CHL,2009,0.44083391266952
Chile,CHL,2011,0.2288465107469
Chile,CHL,2013,0.14406380992164
Chile,CHL,2015,0.14515080514404
Chile,CHL,2017,0.16336707626817
Chile,CHL,2020,0.41409459971694
China,CHN,1981,48.121047927890395
China,CHN,1984,25.0759200038757
China,CHN,1987,17.62504672640511
China,CHN,1990,19.69342104305967
China,CHN,1993,15.90306205839359
China,CHN,1996,8.93245977998046
China,CHN,1999,10.06855825659741
China,CHN,2002,7.49606809967041
China,CHN,2005,1.9573835175416598
China,CHN,2008,1.6549062443709999
China,CHN,2010,0.7547256591346401
China,CHN,2011,0.5273494512101901
China,CHN,2012,0.35129616782925
China,CHN,2013,0.12373725777441
China,CHN,2014,0.13502943249205
China,CHN,2015,0.07035169677734374
China,CHN,2016,0.054707853533213516
China,CHN,2017,0.048830123046875
China,CHN,2018,0.031504119737558706
China,CHN,2019,0.006391322895815281
China - rural,,1981,59.255603975553626
China - rural,,1984,31.88307530561445
China - rural,,1987,22.81937044965207
China - rural,,1990,25.854317205368787
China - rural,,1993,21.848466224352688
China - rural,,1996,12.800410156249988
China - rural,,1999,15.0704638671875
China - rural,,2002,11.89727050781249
China - rural,,2005,3.1587841796875002
China - rural,,2008,2.89028320312499
China - rural,,2010,1.35250488281249
China - rural,,2011,0.96195800781249
China - rural,,2012,0.63243408203124
China - rural,,2013,0.16255737304687
China - rural,,2014,0.17476196289062002
China - rural,,2015,0.077125244140625
China - rural,,2016,0.089329833984375
China - rural,,2017,0.077125244140625
China - rural,,2018,0.077125244140625
China - rural,,2019,0.016102294921875
China - urban,,1981,3.90936645507812
China - urban,,1984,1.22435668945312
China - urban,,1987,1.40742553710937
China - urban,,1990,2.5546569824218697
China - urban,,1993,1.41963012695312
China - urban,,1996,0.68125244140624
China - urban,,1999,0.72396850585937
China - urban,,2002,0.44326293945312
China - urban,,2005,0.33342163085937004
China - urban,,2008,0.23578491210937003
China - urban,,2010,0.13814819335936998
China - urban,,2011,0.10153442382812
China - urban,,2012,0.089329833984375
China - urban,,2013,0.089329833984375
China - urban,,2014,0.10153442382812
China - urban,,2015,0.06492065429687499
China - urban,,2016,0.028306884765625002
China - urban,,2017,0.028306884765625002
China - urban,,2018,0
China - urban,,2019,0
Colombia,COL,1992,4.10687964810068
Colombia,COL,1996,8.507390043871869
Colombia,COL,1999,10.38533603074559
Colombia,COL,2000,10.21807528754101
Colombia,COL,2001,9.506068188972879
Colombia,COL,2002,3.5402320215003598
Colombia,COL,2003,3.36340659599225
Colombia,COL,2004,2.48341594712319
Colombia,COL,2005,2.54070764872922
Colombia,COL,2008,3.3828370018811302
Colombia,COL,2009,2.63348327283322
Colombia,COL,2010,2.1008177709669
Colombia,COL,2011,1.69726085179314
Colombia,COL,2012,1.8020783877286901
Colombia,COL,2013,1.7441080696384899
Colombia,COL,2014,1.50792051555171
Colombia,COL,2015,1.3420871475426799
Colombia,COL,2016,1.37645035408466
Colombia,COL,2017,1.22228876729632
Colombia,COL,2018,1.3197218247431202
Colombia,COL,2019,1.45959954735742
Colombia,COL,2020,4.99110565154368
Colombia - urban,,1980,7.283935546875001
Colombia - urban,,1988,4.0375146484375
Colombia - urban,,1989,2.64619140624999
Colombia - urban,,1991,2.98791992187499
Comoros,COM,2004,1.50196774983097
Comoros,COM,2014,4.2053121743421
Congo,COG,2005,15.24061935616779
Congo,COG,2011,10.18161819592759
Costa Rica,CRI,1981,10.38390136718749
Costa Rica,CRI,1986,5.20664930580911
Costa Rica,CRI,1989,5.277758516216189
Costa Rica,CRI,1990,5.02687758117856
Costa Rica,CRI,1991,4.9027471061843
Costa Rica,CRI,1992,4.4108703693213
Costa Rica,CRI,1993,4.15249053250112
Costa Rica,CRI,1994,3.2649292845839297
Costa Rica,CRI,1995,3.22067730991772
Costa Rica,CRI,1996,3.5531840828492403
Costa Rica,CRI,1997,2.71941068618065
Costa Rica,CRI,1998,2.03108098808391
Costa Rica,CRI,1999,2.64644830011403
Costa Rica,CRI,2000,2.65670618812195
Costa Rica,CRI,2001,1.9294571826407598
Costa Rica,CRI,2002,1.9093882248003
Costa Rica,CRI,2003,1.65650217722297
Costa Rica,CRI,2004,1.43079085675788
Costa Rica,CRI,2005,0.83816046421506
Costa Rica,CRI,2006,1.02679729754192
Costa Rica,CRI,2007,0.55121056118085
Costa Rica,CRI,2008,0.72939292624524
Costa Rica,CRI,2009,0.90890758305242
Costa Rica,CRI,2010,0.63382144412646
Costa Rica,CRI,2011,0.48968816090159
Costa Rica,CRI,2012,0.47440531813144
Costa Rica,CRI,2013,0.44271942608521997
Costa Rica,CRI,2014,0.42700501634797006
Costa Rica,CRI,2015,0.47338672277175003
Costa Rica,CRI,2016,0.33937410348929997
Costa Rica,CRI,2017,0.28773715210142004
Costa Rica,CRI,2018,0.42739264239458
Costa Rica,CRI,2019,0.32263360598060997
Costa Rica,CRI,2020,0.68784271164127
Cote d'Ivoire,CIV,1985,1.63283575876602
Cote d'Ivoire,CIV,1986,0.10925720496822
Cote d'Ivoire,CIV,1987,0.5756619277737001
Cote d'Ivoire,CIV,1988,1.07942932066261
Cote d'Ivoire,CIV,1992,4.3188715342702
Cote d'Ivoire,CIV,1995,2.03203881184196
Cote d'Ivoire,CIV,1998,4.3161563894381905
Cote d'Ivoire,CIV,2002,4.79649580937302
Cote d'Ivoire,CIV,2008,8.67693204805966
Cote d'Ivoire,CIV,2015,6.953767365072911
Cote d'Ivoire,CIV,2018,0.43369633511054
Croatia,HRV,1998,0
Croatia,HRV,1999,0.12594360351562
Croatia,HRV,2000,0.040511474609375
Croatia,HRV,2001,0.028306884765625002
Croatia,HRV,2004,0
Croatia,HRV,2008,0
Croatia,HRV,2009,0
Croatia,HRV,2010,0
Croatia,HRV,2011,0.30943705012034
Croatia,HRV,2012,0.43019447392556
Croatia,HRV,2013,0.35466395593824
Croatia,HRV,2014,0.46555287431752
Croatia,HRV,2015,0.33888989889307
Croatia,HRV,2016,0.32153084735613996
Croatia,HRV,2017,0.29153704645967
Croatia,HRV,2018,0.22394198391754
Croatia,HRV,2019,0.1977965569251
Cyprus,CYP,2004,0.04738431714340152
Cyprus,CYP,2005,0.006351349441962021
Cyprus,CYP,2006,0
Cyprus,CYP,2007,0.025159187283424804
Cyprus,CYP,2008,0.008470222714587753
Cyprus,CYP,2009,0.09113240681875988
Cyprus,CYP,2010,0.02214800519246117
Cyprus,CYP,2011,0.004130701468985676
Cyprus,CYP,2012,0
Cyprus,CYP,2013,0.021914196735410823
Cyprus,CYP,2014,0.06591647960750005
Cyprus,CYP,2015,0
Cyprus,CYP,2016,0.015739227024850526
Cyprus,CYP,2017,0.00231247867025728
Cyprus,CYP,2018,0.016506580524985676
Cyprus,CYP,2019,0.15383178586554
Czechia,CZE,1992,0
Czechia,CZE,1993,0
Czechia,CZE,1996,0
Czechia,CZE,2002,0
Czechia,CZE,2004,0
Czechia,CZE,2005,0.0022994152756257054
Czechia,CZE,2006,0.00355024222441984
Czechia,CZE,2007,0.0403143005887208
Czechia,CZE,2008,0.020419406730292442
Czechia,CZE,2009,0
Czechia,CZE,2010,0
Czechia,CZE,2011,0.02404553957121448
Czechia,CZE,2012,0.03220715554147462
Czechia,CZE,2013,0.015929224721408952
Czechia,CZE,2014,0
Czechia,CZE,2015,0.008764511438047242
Czechia,CZE,2016,0
Czechia,CZE,2017,0
Czechia,CZE,2018,0.004154019888454248
Czechia,CZE,2019,0
Democratic Republic of Congo,COD,2004,66.94232232435944
Democratic Republic of Congo,COD,2012,29.347778250743012
Denmark,DNK,1987,0.49739552519340996
Denmark,DNK,1992,0.49395200675261003
Denmark,DNK,1995,0
Denmark,DNK,2000,0
Denmark,DNK,2003,0.19798322843476002
Denmark,DNK,2004,0.21780515574842998
Denmark,DNK,2005,0.09963282954619099
Denmark,DNK,2006,0
Denmark,DNK,2007,0
Denmark,DNK,2008,0.04376440743509274
Denmark,DNK,2009,0.12122712146194999
Denmark,DNK,2010,0
Denmark,DNK,2011,0
Denmark,DNK,2012,0
Denmark,DNK,2013,0.2425604874021
Denmark,DNK,2014,0.11661320872863
Denmark,DNK,2015,0.17542585875317
Denmark,DNK,2016,0.20454272519751
Denmark,DNK,2017,0.10920443617900999
Denmark,DNK,2018,0.14490408184197
Denmark,DNK,2019,0.23542482294508002
Djibouti,DJI,2002,3.2993424793835198
Djibouti,DJI,2012,7.20874402756724
Djibouti,DJI,2013,5.41250100289827
Djibouti,DJI,2017,3.6171495721421802
Dominican Republic,DOM,1986,1.32809570312499
Dominican Republic,DOM,1989,1.32809570312499
Dominican Republic,DOM,1992,1.00467407226562
Dominican Republic,DOM,1996,1.50935760407754
Dominican Republic,DOM,1997,1.7078150609746399
Dominican Republic,DOM,2000,1.2586507838931
Dominican Republic,DOM,2001,0.70222627470594
Dominican Republic,DOM,2002,1.8698411895288598
Dominican Republic,DOM,2003,1.87845293791243
Dominican Republic,DOM,2004,2.1463152171832998
Dominican Republic,DOM,2005,1.04959610650629
Dominican Republic,DOM,2006,0.72984692694121
Dominican Republic,DOM,2007,0.79746733903426
Dominican Republic,DOM,2008,0.6139606404458
Dominican Republic,DOM,2009,0.39716995275811
Dominican Republic,DOM,2010,0.32429499007745
Dominican Republic,DOM,2011,0.46225447546140996
Dominican Republic,DOM,2012,0.43487578068496
Dominican Republic,DOM,2013,0.26138879939972004
Dominican Republic,DOM,2014,0.32227133209319
Dominican Republic,DOM,2015,0.19688665787772
Dominican Republic,DOM,2016,0.37007565610465
Dominican Republic,DOM,2017,0.23244047858896
Dominican Republic,DOM,2018,0.07284305854025976
Dominican Republic,DOM,2019,0.12008372874156
Dominican Republic,DOM,2020,0.2470159316594
East Asia and Pacific,,1990,17.63675397725473
East Asia and Pacific,,1991,16.90524072960565
East Asia and Pacific,,1992,15.68647053994857
East Asia and Pacific,,1993,14.316920725461449
East Asia and Pacific,,1994,11.81912241128935
East Asia and Pacific,,1995,9.97521168199299
East Asia and Pacific,,1996,8.561989391248021
East Asia and Pacific,,1997,8.92988387562215
East Asia and Pacific,,1998,9.848981270912361
East Asia and Pacific,,1999,8.7351335617332
East Asia and Pacific,,2000,7.592605903499949
East Asia and Pacific,,2001,6.963132930796919
East Asia and Pacific,,2002,6.0524733521320995
East Asia and Pacific,,2003,4.54859253275003
East Asia and Pacific,,2004,3.1109573969237
East Asia and Pacific,,2005,1.81552530134465
East Asia and Pacific,,2006,1.85880313794379
East Asia and Pacific,,2007,1.50153158618527
East Asia and Pacific,,2008,1.3943867584532599
East Asia and Pacific,,2009,1.01524826738962
East Asia and Pacific,,2010,0.67280988154736
East Asia and Pacific,,2011,0.48993320639496
East Asia and Pacific,,2012,0.34153140770019
East Asia and Pacific,,2013,0.16670654572292998
East Asia and Pacific,,2014,0.14899250349263998
East Asia and Pacific,,2015,0.10536238679238
East Asia and Pacific,,2016,0.08694919748166567
East Asia and Pacific,,2017,0.07544899858663986
East Asia and Pacific,,2018,0.062466307013253
East Asia and Pacific,,2019,0.04145064330320323
East Timor,TLS,2001,0.79386383202895
East Timor,TLS,2007,0.15759711647868002
East Timor,TLS,2014,0.02671871109130585
Ecuador,ECU,1994,6.65480655371499
Ecuador,ECU,1999,8.73620713044137
Ecuador,ECU,2000,8.83870796525041
Ecuador,ECU,2003,4.399427025705481
Ecuador,ECU,2004,4.81251541310801
Ecuador,ECU,2005,3.41139541995841
Ecuador,ECU,2006,1.8663073703779403
Ecuador,ECU,2007,2.30879014342577
Ecuador,ECU,2008,2.31606934312829
Ecuador,ECU,2009,1.74997814909895
Ecuador,ECU,2010,1.3224027975168
Ecuador,ECU,2011,1.29747944260754
Ecuador,ECU,2012,1.05911609460532
Ecuador,ECU,2013,0.62343530229552
Ecuador,ECU,2014,0.49693045694025
Ecuador,ECU,2015,0.8417110091973999
Ecuador,ECU,2016,0.71270163780761
Ecuador,ECU,2017,0.57953786800111
Ecuador,ECU,2018,0.54027470547696
Ecuador,ECU,2019,0.47587232115767
Ecuador,ECU,2020,1.0409609673693099
Ecuador - urban,,1987,6.24001092697827
Ecuador - urban,,1995,5.50180368191663
Ecuador - urban,,1998,4.55660994312929
Egypt,EGY,1990,0.05271606445312499
Egypt,EGY,1995,0.05271606445312499
Egypt,EGY,1999,0.077125244140625
Egypt,EGY,2004,0.018886701730257836
Egypt,EGY,2008,0.0018732582387139152
Egypt,EGY,2010,0
Egypt,EGY,2012,0
Egypt,EGY,2015,0.029533939808628257
Egypt,EGY,2017,0.012313897056147154
El Salvador,SLV,1989,9.18785156249999
El Salvador,SLV,1991,9.47997613346722
El Salvador,SLV,1995,4.77699452215229
El Salvador,SLV,1996,4.96310672699326
El Salvador,SLV,1998,10.988831795258209
El Salvador,SLV,1999,8.43301621991005
El Salvador,SLV,2000,4.49363757570116
El Salvador,SLV,2001,5.26551145194325
El Salvador,SLV,2002,5.76238738062195
El Salvador,SLV,2003,7.2538166693653805
El Salvador,SLV,2004,4.31662606902192
El Salvador,SLV,2005,3.28289914699054
El Salvador,SLV,2006,1.0064544878175
El Salvador,SLV,2007,0.48603848904568997
El Salvador,SLV,2008,0.72825190598903
El Salvador,SLV,2009,0.68242792477021
El Salvador,SLV,2010,0.55725255864917
El Salvador,SLV,2011,0.32994525765488997
El Salvador,SLV,2012,0.38171055905753
El Salvador,SLV,2013,0.22576876676019
El Salvador,SLV,2014,0.15539060613907
El Salvador,SLV,2015,0.10809311564925
El Salvador,SLV,2016,0.12022510362776999
El Salvador,SLV,2017,0.12207133671989
El Salvador,SLV,2018,0.10232570328587999
El Salvador,SLV,2019,0.03269255331974899
Estonia,EST,1993,0.30901245117187
Estonia,EST,1995,0.06492065429687499
Estonia,EST,1998,0
Estonia,EST,2000,0.058502163484827854
Estonia,EST,2001,0.15987464640255
Estonia,EST,2002,0.15222250053525999
Estonia,EST,2003,0.11836997851530999
Estonia,EST,2004,0.04003341880306848
Estonia,EST,2005,0.23167143133964999
Estonia,EST,2006,0.46061132205737
Estonia,EST,2007,0.23318632424722
Estonia,EST,2008,0.22093961862979997
Estonia,EST,2009,0.19482882291259
Estonia,EST,2010,0.48378232064166
Estonia,EST,2011,0.55306123857583
Estonia,EST,2012,0.34385058058387
Estonia,EST,2013,0.6455559802991501
Estonia,EST,2014,0.48239028812687
Estonia,EST,2015,0.34827682507238
Estonia,EST,2016,0.27800412490251997
Estonia,EST,2017,0.16788787921216
Estonia,EST,2018,0.19430610851594
Estonia,EST,2019,0.28617198289535
Eswatini,SWZ,1994,61.36247314453127
Eswatini,SWZ,2000,16.725462190556183
Eswatini,SWZ,2009,16.64265611064811
Eswatini,SWZ,2016,8.58033644666185
Ethiopia,ETH,1995,17.17406548412701
Ethiopia,ETH,1999,5.302522508219281
Ethiopia,ETH,2004,0.99965245963735
Ethiopia,ETH,2010,3.5095826396864602
Ethiopia,ETH,2015,3.37404304922072
Ethiopia - rural,,1981,11.07956298828124
Europe and Central Asia,,1990,0.87810983851675
Europe and Central Asia,,1991,0.95639298094287
Europe and Central Asia,,1992,1.20420390993853
Europe and Central Asia,,1993,1.33069273483321
Europe and Central Asia,,1994,1.63724401967437
Europe and Central Asia,,1995,1.8770148395374002
Europe and Central Asia,,1996,1.90462518769426
Europe and Central Asia,,1997,2.0346352297318098
Europe and Central Asia,,1998,1.91065251724146
Europe and Central Asia,,1999,2.20939354253834
Europe and Central Asia,,2000,2.40163494071348
Europe and Central Asia,,2001,2.06915821734008
Europe and Central Asia,,2002,1.70846350315495
Europe and Central Asia,,2003,2.04327114767885
Europe and Central Asia,,2004,1.76265558674953
Europe and Central Asia,,2005,1.6028157283994302
Europe and Central Asia,,2006,1.40937177324715
Europe and Central Asia,,2007,1.18361578811011
Europe and Central Asia,,2008,0.9815638152962399
Europe and Central Asia,,2009,0.8296124212128899
Europe and Central Asia,,2010,0.79914012782712
Europe and Central Asia,,2011,0.71886015437875
Europe and Central Asia,,2012,0.67244944606945
Europe and Central Asia,,2013,0.54202139196011
Europe and Central Asia,,2014,0.6273740748307
Europe and Central Asia,,2015,0.49471066447467005
Europe and Central Asia,,2016,0.48190729993199
Europe and Central Asia,,2017,0.46853094998384004
Europe and Central Asia,,2018,0.33453469112195
Europe and Central Asia,,2019,0.32398469796798
Fiji,FJI,2002,0.027567457979940983
Fiji,FJI,2008,0
Fiji,FJI,2013,0
Fiji,FJI,2019,0
Finland,FIN,1987,0
Finland,FIN,1991,0
Finland,FIN,1995,0
Finland,FIN,2000,0
Finland,FIN,2003,0.03694007851227467
Finland,FIN,2004,0.024623904810148978
Finland,FIN,2005,0.04296844724460918
Finland,FIN,2006,0.06694050023091634
Finland,FIN,2007,0.04521787093458547
Finland,FIN,2008,0.013462430024170394
Finland,FIN,2009,0.039700074955742286
Finland,FIN,2010,0.02853612057631299
Finland,FIN,2011,0.0367759793800516
Finland,FIN,2012,0.04904001879702602
Finland,FIN,2013,0.059900257240742154
Finland,FIN,2014,0.041046631452546355
Finland,FIN,2015,0.05693859857746527
Finland,FIN,2016,0.030766808234458577
Finland,FIN,2017,0.06272282290342786
Finland,FIN,2018,0.04310012407830335
Finland,FIN,2019,0.03792654091255294
France,FRA,1978,0.4849164446799
France,FRA,1984,0.98883155194209
France,FRA,1989,0.73765074400893
France,FRA,1994,0
France,FRA,2000,0
France,FRA,2003,0.02372309765105336
France,FRA,2004,0.02068807073593499
France,FRA,2005,0.028853001224157647
France,FRA,2006,0.015595551686627688
France,FRA,2007,0.011897544026385013
France,FRA,2008,0.007564090924620059
France,FRA,2009,0.013255535053629449
France,FRA,2010,0.03615713442364589
France,FRA,2011,0
France,FRA,2012,0.03260842090772396
France,FRA,2013,0.05907800783373914
France,FRA,2014,0.006854250172061225
France,FRA,2015,0.04233531430360536
France,FRA,2016,0.04604766132345704
France,FRA,2017,0.002388263039638423
France,FRA,2018,0.01762926243559519
Gabon,GAB,2005,0.42816109886635
Gabon,GAB,2017,0.22261728966064
Gambia,GMB,1998,39.531244525564816
Gambia,GMB,2003,15.18144638075313
Gambia,GMB,2010,4.55049264474941
Gambia,GMB,2015,0.8354928618732599
Georgia,GEO,1996,0
Georgia,GEO,1997,4.30038794299278
Georgia,GEO,1998,4.52330591724256
Georgia,GEO,1999,4.97998744900225
Georgia,GEO,2000,5.76814566349162
Georgia,GEO,2001,5.3675389417554396
Georgia,GEO,2002,1.94130765511538
Georgia,GEO,2003,2.21014282903193
Georgia,GEO,2004,2.2322831333563
Georgia,GEO,2005,2.4264259240001502
Georgia,GEO,2006,2.16751970757555
Georgia,GEO,2007,1.9576659147815498
Georgia,GEO,2008,1.78962704305689
Georgia,GEO,2009,1.86779548847481
Georgia,GEO,2010,2.41756944961022
Georgia,GEO,2011,2.5697307373408003
Georgia,GEO,2012,1.31706255699305
Georgia,GEO,2013,0.8214074875191201
Georgia,GEO,2014,0.6088068547022301
Georgia,GEO,2015,0.39757820266837
Georgia,GEO,2016,0.39002667817421
Georgia,GEO,2017,0.65112429106737
Georgia,GEO,2018,0.57760269503313
Georgia,GEO,2019,0.26242361701938
Georgia,GEO,2020,0.6423220451241
Germany,DEU,1991,0
Germany,DEU,1992,0
Germany,DEU,1993,0
Germany,DEU,1994,0.18821348145076
Germany,DEU,1995,0
Germany,DEU,1996,0
Germany,DEU,1997,0
Germany,DEU,1998,0
Germany,DEU,1999,0
Germany,DEU,2000,0
Germany,DEU,2001,0
Germany,DEU,2002,0
Germany,DEU,2003,0
Germany,DEU,2004,0
Germany,DEU,2005,0
Germany,DEU,2006,0
Germany,DEU,2007,0
Germany,DEU,2008,0
Germany,DEU,2009,0
Germany,DEU,2010,0
Germany,DEU,2011,0
Germany,DEU,2012,0
Germany,DEU,2013,0
Germany,DEU,2014,0
Germany,DEU,2015,0
Germany,DEU,2016,0
Germany,DEU,2017,0
Germany,DEU,2018,0
Ghana,GHA,1987,21.61681857831965
Ghana,GHA,1988,20.684575195312497
Ghana,GHA,1991,26.9215829854888
Ghana,GHA,1998,18.39619597546088
Ghana,GHA,2005,11.4549050246455
Ghana,GHA,2012,4.891402777520041
Ghana,GHA,2016,6.77460757717531
Greece,GRC,1995,0.9915148089288
Greece,GRC,2000,0.49310545864668004
Greece,GRC,2003,0.37627156896019004
Greece,GRC,2004,0.50474058226465
Greece,GRC,2005,0.20072738003906998
Greece,GRC,2006,0.25771530573552
Greece,GRC,2007,0.38835195327694
Greece,GRC,2008,0.28328843610432003
Greece,GRC,2009,0.51765945117892
Greece,GRC,2010,0.7202876492339501
Greece,GRC,2011,0.8599942178485901
Greece,GRC,2012,0.47625072075325
Greece,GRC,2013,0.23067462647435
Greece,GRC,2014,0.7564359323104399
Greece,GRC,2015,0.7674659943441899
Greece,GRC,2016,0.51976772920069
Greece,GRC,2017,0.40855278525331
Greece,GRC,2018,0.12326217112627
Greece,GRC,2019,0.38663734986546
Guatemala,GTM,1986,23.1743115234375
Guatemala,GTM,1989,17.27212735628369
Guatemala,GTM,1998,3.69578613281249
Guatemala,GTM,2000,2.52028224067272
Guatemala,GTM,2006,2.20687836895425
Guatemala,GTM,2014,1.38138567930489
Guinea,GIN,1991,61.247692449792034
Guinea,GIN,1994,9.16461306935906
Guinea,GIN,2002,14.88630055736413
Guinea,GIN,2007,10.2555353704017
Guinea,GIN,2012,2.7865390119816
Guinea,GIN,2018,0.53869779712232
Guinea-Bissau,GNB,1993,8.41705458926159
Guinea-Bissau,GNB,2002,10.20710290522771
Guinea-Bissau,GNB,2010,26.64228237940517
Guinea-Bissau,GNB,2018,0.62380577388823
Guyana,GUY,1992,6.47843261718749
Guyana,GUY,1998,5.245511572571919
Haiti,HTI,2001,37.40346249939325
Haiti,HTI,2012,6.051781764300021
High income countries,,1990,0.26178696728574
High income countries,,1991,0.26435427953231
High income countries,,1992,0.2781204851565
High income countries,,1993,0.35765363330724
High income countries,,1994,0.36683403342717
High income countries,,1995,0.34723346959471
High income countries,,1996,0.33700718364669
High income countries,,1997,0.34257342479203
High income countries,,1998,0.37175541055607
High income countries,,1999,0.34849440209205
High income countries,,2000,0.32741825325121
High income countries,,2001,0.39930211167410995
High income countries,,2002,0.39548925475018
High income countries,,2003,0.39295845479536995
High income countries,,2004,0.38378480947631
High income countries,,2005,0.39350178963634
High income countries,,2006,0.36180378503551
High income countries,,2007,0.35238218384069
High income countries,,2008,0.43763483101170997
High income countries,,2009,0.36077269446229004
High income countries,,2010,0.43545526927832995
High income countries,,2011,0.38483706594208
High income countries,,2012,0.36188306328712
High income countries,,2013,0.40926740790222005
High income countries,,2014,0.45454213228982004
High income countries,,2015,0.49268064667502
High income countries,,2016,0.47507559259952004
High income countries,,2017,0.46132848899955
High income countries,,2018,0.38315185121286
High income countries,,2019,0.38343033791271
Honduras,HND,1989,16.559423828125
Honduras,HND,1990,18.560976562499988
Honduras,HND,1991,9.142681434987319
Honduras,HND,1992,6.50509189121751
Honduras,HND,1993,5.66821291397018
Honduras,HND,1994,7.656456401113269
Honduras,HND,1995,7.368593272931561
Honduras,HND,1996,10.35517474619458
Honduras,HND,1997,4.76452885214156
Honduras,HND,1998,10.806851605392021
Honduras,HND,1999,10.56384339360905
Honduras,HND,2001,6.72636634889481
Honduras,HND,2002,7.54195998650055
Honduras,HND,2003,9.80619040749261
Honduras,HND,2004,9.48958811506623
Honduras,HND,2005,11.21042304194785
Honduras,HND,2006,9.097655130327691
Honduras,HND,2007,4.3174982949588605
Honduras,HND,2008,4.70339157433615
Honduras,HND,2009,2.76596432503888
Honduras,HND,2010,3.14676274444637
Honduras,HND,2011,4.242895562847139
Honduras,HND,2012,5.5909922861253
Honduras,HND,2013,3.51442392280321
Honduras,HND,2014,2.63203699817644
Honduras,HND,2015,2.59919955196631
Honduras,HND,2016,4.01407952876163
Honduras,HND,2017,3.31030387522415
Honduras,HND,2018,3.3074117375312304
Honduras,HND,2019,2.7781102401952698
Honduras - urban,,1986,21.99541113786294
Hungary,HUN,1987,0.040511474609375
Hungary,HUN,1989,0.016102294921875
Hungary,HUN,1991,0.99179206704339
Hungary,HUN,1993,0.10153442382812
Hungary,HUN,1994,0.49523770564906006
Hungary,HUN,1998,0
Hungary,HUN,1999,0
Hungary,HUN,2000,0
Hungary,HUN,2001,0
Hungary,HUN,2002,0
Hungary,HUN,2003,0
Hungary,HUN,2004,0
Hungary,HUN,2005,0
Hungary,HUN,2006,0
Hungary,HUN,2007,0
Hungary,HUN,2008,0.00383236061481985
Hungary,HUN,2009,0.021219114681356416
Hungary,HUN,2010,0.005887528612419706
Hungary,HUN,2011,0.02486499412844513
Hungary,HUN,2012,0.1481217175184
Hungary,HUN,2013,0.005449578953191407
Hungary,HUN,2014,0.45886251294165
Hungary,HUN,2015,0.30613235673055
Hungary,HUN,2016,0.6048500755199699
Hungary,HUN,2017,0.36741408528618
Hungary,HUN,2018,0.13146374281776999
Hungary,HUN,2019,0.07842572037768424
Iceland,ISL,2003,0
Iceland,ISL,2004,0.10764482042521001
Iceland,ISL,2005,0
Iceland,ISL,2006,0.06398663917731577
Iceland,ISL,2007,0.022403430401726803
Iceland,ISL,2008,0.060815003213338166
Iceland,ISL,2009,0.05982058836647657
Iceland,ISL,2010,0.11768277261994
Iceland,ISL,2011,0.08838266345278283
Iceland,ISL,2012,0.03355581726279975
Iceland,ISL,2013,0.04702634432952122
Iceland,ISL,2014,0
Iceland,ISL,2015,0
Iceland,ISL,2016,0
Iceland,ISL,2017,0
India,IND,1977,10.975666777283
India,IND,1983,8.084999910179121
India,IND,1987,4.146394969192721
India,IND,1993,3.24267826690205
India,IND,2004,1.7550514292297499
India,IND,2009,1.17220466290455
India,IND,2011,0.51501382962538
India,IND,2015,0.62123031479726
India,IND,2016,0.64457156964983
India,IND,2017,0.44428942962755996
India,IND,2018,0.40462097347554
India,IND,2019,0.23652678315168002
India - rural,,1977,12.556318359374998
India - rural,,1983,9.81028564453124
India - rural,,1987,4.8674267578125
India - rural,,1993,3.8306748882338195
India - rural,,2004,1.9585063530477402
India - rural,,2009,1.3969166717958101
India - rural,,2011,0.64016528759616
India - rural,,2015,0.6614644665606499
India - rural,,2016,0.76912794892974
India - rural,,2017,0.50063641948842
India - rural,,2018,0.29292453543259
India - rural,,2019,0.17793793942598
India - urban,,1977,5.3800195312499905
India - urban,,1983,2.5851684570312403
India - urban,,1987,1.9627343749999902
India - urban,,1993,1.58564178438883
India - urban,,2004,1.25458314765893
India - urban,,2009,0.66225158895828
India - urban,,2011,0.24001354853969
India - urban,,2015,0.53871329433938
India - urban,,2016,0.39375461624889996
India - urban,,2017,0.33293704499798
India - urban,,2018,0.62115385667816
India - urban,,2019,0.34789861390623
Indonesia,IDN,1984,22.40858679971335
Indonesia,IDN,1987,18.328090421203918
Indonesia,IDN,1990,9.45615045346863
Indonesia,IDN,1993,8.14084387926774
Indonesia,IDN,1996,4.8193433677312605
Indonesia,IDN,1998,12.67510595201961
Indonesia,IDN,1999,2.67848087048562
Indonesia,IDN,2000,2.0015451752056
Indonesia,IDN,2001,1.32510927506941
Indonesia,IDN,2002,0.38576400896171
Indonesia,IDN,2003,0.46075252209298995
Indonesia,IDN,2004,0.81456170768532
Indonesia,IDN,2005,0.9509361504846501
Indonesia,IDN,2006,1.92545222842391
Indonesia,IDN,2007,0.6744399005774799
Indonesia,IDN,2008,0.59698259952374
Indonesia,IDN,2009,0.37712167461238
Indonesia,IDN,2010,0.28432266345094
Indonesia,IDN,2011,0.20602866561929997
Indonesia,IDN,2012,0.08495072724285625
Indonesia,IDN,2013,0.07120611319877304
Indonesia,IDN,2014,0.01877946969643972
Indonesia,IDN,2015,0.05634218524229
Indonesia,IDN,2016,0.05297860065895708
Indonesia,IDN,2017,0.03296751562782824
Indonesia,IDN,2018,0.012356918967304753
Indonesia,IDN,2019,0.006992657759292847
Indonesia,IDN,2020,0.004450123757105627
Indonesia,IDN,2021,0.0009424091293893696
Indonesia - rural,,1984,27.7632373046875
Indonesia - rural,,1987,22.44203613281249
Indonesia - rural,,1990,12.26297082588043
Indonesia - rural,,1993,10.837284449841519
Indonesia - rural,,1996,6.72134145918895
Indonesia - rural,,1998,17.147466441491922
Indonesia - rural,,1999,3.7850061259989296
Indonesia - rural,,2000,2.75985010541419
Indonesia - rural,,2001,1.923913230076
Indonesia - rural,,2002,0.67209668452811
Indonesia - rural,,2003,0.61175706941094
Indonesia - rural,,2004,1.25092020424621
Indonesia - rural,,2005,1.4580595703329
Indonesia - rural,,2006,3.09396372122169
Indonesia - rural,,2007,1.0905554337838
Indonesia - rural,,2008,1.01886667476538
Indonesia - rural,,2009,0.5906095581967
Indonesia - rural,,2010,0.46552945610265006
Indonesia - rural,,2011,0.34504957914244
Indonesia - rural,,2012,0.12091747724992999
Indonesia - rural,,2013,0.09709890586778042
Indonesia - rural,,2014,0.029029823392260033
Indonesia - rural,,2015,0.09008298504129228
Indonesia - rural,,2016,0.10554393448430001
Indonesia - rural,,2017,0.05575963191690052
Indonesia - rural,,2018,0.017736035600198048
Indonesia - rural,,2019,0.01015039429176832
Indonesia - rural,,2020,0.010263437234954268
Indonesia - rural,,2021,0.002206530383126248
Indonesia - urban,,1984,6.55166015625
Indonesia - urban,,1987,7.662277832031251
Indonesia - urban,,1990,3.08555664062499
Indonesia - urban,,1993,2.86153734100358
Indonesia - urban,,1996,1.61324933959817
Indonesia - urban,,1998,5.8516301258237595
Indonesia - urban,,1999,1.07240255245956
Indonesia - urban,,2000,0.95444815769477
Indonesia - urban,,2001,0.5242826458308399
Indonesia - urban,,2002,0.01488800979722513
Indonesia - urban,,2003,0.27131936746148
Indonesia - urban,,2004,0.28443479362204
Indonesia - urban,,2005,0.35422555844042003
Indonesia - urban,,2006,0.59383214520581
Indonesia - urban,,2007,0.21516775869105
Indonesia - urban,,2008,0.1460331679165
Indonesia - urban,,2009,0.15610822798012
Indonesia - urban,,2010,0.1024914467272
Indonesia - urban,,2011,0.07027753908454075
Indonesia - urban,,2012,0.050774037881501526
Indonesia - urban,,2013,0.047261945715766134
Indonesia - urban,,2014,0.009555417235230675
Indonesia - urban,,2015,0.02679485690913939
Indonesia - urban,,2016,0.00818089032017493
Indonesia - urban,,2017,0.01406088822962023
Indonesia - urban,,2018,0.008013276194139123
Indonesia - urban,,2019,0.004510068265316125
Indonesia - urban,,2020,0
Indonesia - urban,,2021,0
Iran,IRN,1986,0.65074096679687
Iran,IRN,1990,0.83991210937499
Iran,IRN,1994,0.18696655273437
Iran,IRN,1998,0.0832275390625
Iran,IRN,2005,0.041904638387698714
Iran,IRN,2006,0.02796196327844632
Iran,IRN,2009,0.23389720794753
Iran,IRN,2013,0.007373822417114963
Iran,IRN,2014,0.022764831247381368
Iran,IRN,2015,0.01057558427178015
Iran,IRN,2016,0.014519931029046659
Iran,IRN,2017,0.011449266578778698
Iran,IRN,2018,0.04062073925160143
Iran,IRN,2019,0.05627069160749409
Iraq,IRQ,2006,0
Iraq,IRQ,2012,0
Ireland,IRL,1987,0.23692098869509998
Ireland,IRL,1994,0.16343376646094002
Ireland,IRL,1995,0.17609752257446
Ireland,IRL,1996,0
Ireland,IRL,2000,0
Ireland,IRL,2002,0
Ireland,IRL,2003,0.06556409721016974
Ireland,IRL,2004,0.028161497481714017
Ireland,IRL,2005,0.012874702920654893
Ireland,IRL,2006,0.05905996407485957
Ireland,IRL,2007,0.04732119595065743
Ireland,IRL,2008,0.12172379398309001
Ireland,IRL,2009,0.35412861654418
Ireland,IRL,2010,0.28128264898974
Ireland,IRL,2011,0.35542968951524
Ireland,IRL,2012,0.10126867553173001
Ireland,IRL,2013,0.45710868895623996
Ireland,IRL,2014,0.30876075053512003
Ireland,IRL,2015,0.27257615160548004
Ireland,IRL,2016,0.0855902542987748
Ireland,IRL,2017,0.18542789221206998
Ireland,IRL,2018,0.003921385803702843
Israel,ISR,1979,0
Israel,ISR,1986,0
Israel,ISR,1992,0
Israel,ISR,1997,0.24560835807814
Israel,ISR,2001,0
Israel,ISR,2002,0.23429263299498002
Israel,ISR,2003,0.22332865854369
Israel,ISR,2004,0.2441664100941
Israel,ISR,2005,0.48331529287181
Israel,ISR,2006,0
Israel,ISR,2007,0.2467165789105
Israel,ISR,2008,0.21965383279548
Israel,ISR,2009,0.24167265526608997
Israel,ISR,2010,0.22767835340652
Israel,ISR,2011,0.23077059191448
Israel,ISR,2012,0.19460799363083
Israel,ISR,2013,0.23785159612224002
Israel,ISR,2014,0.22953194763701998
Israel,ISR,2015,0.22203518810161002
Israel,ISR,2016,0
Israel,ISR,2017,0.1846862111954
Israel,ISR,2018,0.23583151717405
Italy,ITA,1986,0
Italy,ITA,1987,0.9993749278878901
Italy,ITA,1989,0
Italy,ITA,1991,0.24771694316105
Italy,ITA,1993,0.73684884431741
Italy,ITA,1995,0.48695654108572
Italy,ITA,1998,1.4905977870903702
Italy,ITA,2000,0.9898021572298601
Italy,ITA,2003,0.48481007442929
Italy,ITA,2004,0.5148439755159
Italy,ITA,2005,0.50503424767845
Italy,ITA,2006,0.45830141318767004
Italy,ITA,2007,0.48551577028099
Italy,ITA,2008,0.48770564583827003
Italy,ITA,2009,0.56109345956552
Italy,ITA,2010,0.86229992433786
Italy,ITA,2011,0.8616123182777
Italy,ITA,2012,0.75906381847203
Italy,ITA,2013,1.04888206301132
Italy,ITA,2014,0.85043508283945
Italy,ITA,2015,1.34006805824549
Italy,ITA,2016,1.1523130875248
Italy,ITA,2017,1.05962900502636
Italy,ITA,2018,0.9686188447884599
Jamaica,JAM,1988,0.6141271972656199
Jamaica,JAM,1990,0.13848497438027
Jamaica,JAM,1993,0.83380981445312
Jamaica,JAM,1996,0.24775487978485
Jamaica,JAM,1999,0.19329371286731
Jamaica,JAM,2002,0.32207230384485
Jamaica,JAM,2004,0
Japan,JPN,2008,0.24576053625865998
Japan,JPN,2010,0
Japan,JPN,2013,0.19069893523860998
Jordan,JOR,1986,0
Jordan,JOR,1992,0.05271606445312499
Jordan,JOR,1997,0.05271606445312499
Jordan,JOR,2002,0.009323459315998851
Jordan,JOR,2006,0
Jordan,JOR,2008,0
Jordan,JOR,2010,0
Kazakhstan,KAZ,1993,0
Kazakhstan,KAZ,1996,0.86022183009831
Kazakhstan,KAZ,2001,1.1250888621397601
Kazakhstan,KAZ,2002,0.42392821289102
Kazakhstan,KAZ,2003,0.23495474645895997
Kazakhstan,KAZ,2004,0.07088843165144323
Kazakhstan,KAZ,2005,0.54686595494038
Kazakhstan,KAZ,2006,0.01276822529436029
Kazakhstan,KAZ,2007,0
Kazakhstan,KAZ,2008,0
Kazakhstan,KAZ,2009,0
Kazakhstan,KAZ,2010,0.0016869739895596435
Kazakhstan,KAZ,2011,0
Kazakhstan,KAZ,2012,0
Kazakhstan,KAZ,2013,0
Kazakhstan,KAZ,2014,0
Kazakhstan,KAZ,2015,0
Kazakhstan,KAZ,2016,0
Kazakhstan,KAZ,2017,0
Kazakhstan,KAZ,2018,0
Kenya,KEN,1992,6.11229492187499
Kenya,KEN,1994,6.24428868065775
Kenya,KEN,1997,2.01632898597126
Kenya,KEN,2005,8.30721649254998
Kenya,KEN,2015,4.00045675761333
Kiribati,KIR,2006,1.43471991752937
Kiribati,KIR,2019,0
Kosovo,OWID_KOS,2003,0
Kosovo,OWID_KOS,2005,0
Kosovo,OWID_KOS,2006,0
Kosovo,OWID_KOS,2009,0
Kosovo,OWID_KOS,2010,0
Kosovo,OWID_KOS,2011,0
Kosovo,OWID_KOS,2012,0
Kosovo,OWID_KOS,2013,0.022911646389602924
Kosovo,OWID_KOS,2014,0.028363345905592384
Kosovo,OWID_KOS,2015,0.05040777410359724
Kosovo,OWID_KOS,2016,0.09482792291837376
Kosovo,OWID_KOS,2017,0.16351160732658998
Kyrgyzstan,KGZ,1998,7.53511725725177
Kyrgyzstan,KGZ,2000,3.0234031604132303
Kyrgyzstan,KGZ,2001,1.75392822388774
Kyrgyzstan,KGZ,2002,1.92409061914571
Kyrgyzstan,KGZ,2003,1.1156772167283602
Kyrgyzstan,KGZ,2004,0.35080376610555003
Kyrgyzstan,KGZ,2005,0.36634613992637
Kyrgyzstan,KGZ,2006,0.19052226578331
Kyrgyzstan,KGZ,2007,0.07508035221693705
Kyrgyzstan,KGZ,2008,0.05668882615872163
Kyrgyzstan,KGZ,2009,0.05289737544870308
Kyrgyzstan,KGZ,2010,0.7743438450778201
Kyrgyzstan,KGZ,2011,0.026686305427491536
Kyrgyzstan,KGZ,2012,0.21725111263870997
Kyrgyzstan,KGZ,2013,0.03762438313588559
Kyrgyzstan,KGZ,2014,0.035976333393662976
Kyrgyzstan,KGZ,2015,0.09315249284155457
Kyrgyzstan,KGZ,2016,0.04369444531129349
Kyrgyzstan,KGZ,2017,0.014606799218934305
Kyrgyzstan,KGZ,2018,0.015506142239872747
Kyrgyzstan,KGZ,2019,0.11567530324912
Kyrgyzstan,KGZ,2020,0.02238237375565363
Laos,LAO,1992,1.05749468809146
Laos,LAO,1997,3.82748350862451
Laos,LAO,2002,0.7974663840961901
Laos,LAO,2007,0.9605847853812801
Laos,LAO,2012,0.18421895509049
Laos,LAO,2018,0.15797012201648
Latin America and the Caribbean,,1990,5.75445471590699
Latin America and the Caribbean,,1991,5.48914818329951
Latin America and the Caribbean,,1992,5.67101438254188
Latin America and the Caribbean,,1993,5.56055478990959
Latin America and the Caribbean,,1994,5.084926021257131
Latin America and the Caribbean,,1995,4.94692534439342
Latin America and the Caribbean,,1996,5.9837302753619195
Latin America and the Caribbean,,1997,5.5636136066295405
Latin America and the Caribbean,,1998,5.110862891247621
Latin America and the Caribbean,,1999,5.12432610812677
Latin America and the Caribbean,,2000,4.76553329032205
Latin America and the Caribbean,,2001,4.52953667623419
Latin America and the Caribbean,,2002,3.8068739252552803
Latin America and the Caribbean,,2003,3.73928850650503
Latin America and the Caribbean,,2004,3.27724463351083
Latin America and the Caribbean,,2005,3.2688867544013
Latin America and the Caribbean,,2006,2.6147729344263
Latin America and the Caribbean,,2007,2.661854484186
Latin America and the Caribbean,,2008,2.37410143808098
Latin America and the Caribbean,,2009,2.15177911438853
Latin America and the Caribbean,,2010,2.01825579951899
Latin America and the Caribbean,,2011,1.89478911015717
Latin America and the Caribbean,,2012,1.22741214787136
Latin America and the Caribbean,,2013,1.01059639199337
Latin America and the Caribbean,,2014,0.9080410320040099
Latin America and the Caribbean,,2015,0.7985232696021299
Latin America and the Caribbean,,2016,0.95251369339782
Latin America and the Caribbean,,2017,0.9446928747133101
Latin America and the Caribbean,,2018,0.93495466887817
Latin America and the Caribbean,,2019,0.9759229920180299
Latvia,LVA,1993,0
Latvia,LVA,1995,0
Latvia,LVA,1996,0
Latvia,LVA,1997,0.20769294674752
Latvia,LVA,1998,0.1639331026342
Latvia,LVA,2002,0.15101159425753
Latvia,LVA,2003,0.015182470359007882
Latvia,LVA,2004,0.020288486688991494
Latvia,LVA,2005,1.15424800909124
Latvia,LVA,2006,0.74682777577076
Latvia,LVA,2007,0
Latvia,LVA,2008,0
Latvia,LVA,2009,0
Latvia,LVA,2010,0.64627347300903
Latvia,LVA,2011,0.38669669330554
Latvia,LVA,2012,0.46806058630224
Latvia,LVA,2013,0.56813774894797
Latvia,LVA,2014,0.34579152590384
Latvia,LVA,2015,0.34125903850841
Latvia,LVA,2016,0.26201097067740997
Latvia,LVA,2017,0.23771171879115
Latvia,LVA,2018,0.14547641535549
Latvia,LVA,2019,0.20824062354811998
Lebanon,LBN,2011,0
Lesotho,LSO,1986,26.926719179180207
Lesotho,LSO,1994,32.61386138613861
Lesotho,LSO,2002,35.88991030865114
Lesotho,LSO,2017,7.80373396010883
Liberia,LBR,2007,13.81598143484924
Liberia,LBR,2014,1.8440569257392398
Liberia,LBR,2016,2.64879434447947
Lithuania,LTU,1993,0
Lithuania,LTU,1996,0
Lithuania,LTU,1998,0.007827522772207652
Lithuania,LTU,1999,0
Lithuania,LTU,2000,0
Lithuania,LTU,2001,0.08489758344048004
Lithuania,LTU,2002,0
Lithuania,LTU,2003,0
Lithuania,LTU,2004,0
Lithuania,LTU,2005,0.7421039262209199
Lithuania,LTU,2006,0.44508600704312
Lithuania,LTU,2007,0.71106494584376
Lithuania,LTU,2008,0
Lithuania,LTU,2009,0.98173850692312
Lithuania,LTU,2010,0.98632548181207
Lithuania,LTU,2011,0.44755405266471
Lithuania,LTU,2012,0.63321320239831
Lithuania,LTU,2013,0.45034061620880994
Lithuania,LTU,2014,0.5820244244356301
Lithuania,LTU,2015,0.48890421635181
Lithuania,LTU,2016,0.63173574821107
Lithuania,LTU,2017,0.81088848651541
Lithuania,LTU,2018,0.41841494608393
Lithuania,LTU,2019,0.33021273747007
Luxembourg,LUX,1985,0
Luxembourg,LUX,1991,0
Luxembourg,LUX,1994,0
Luxembourg,LUX,1997,0
Luxembourg,LUX,2000,0
Luxembourg,LUX,2003,0.06716850581593233
Luxembourg,LUX,2004,0.002104269240544784
Luxembourg,LUX,2005,0.014887436868235505
Luxembourg,LUX,2006,0
Luxembourg,LUX,2007,0.0013708656546887036
Luxembourg,LUX,2008,0
Luxembourg,LUX,2009,0.04411102284735508
Luxembourg,LUX,2010,0
Luxembourg,LUX,2011,0.032814775374278946
Luxembourg,LUX,2012,0.02974586962050408
Luxembourg,LUX,2013,0.06661214021031313
Luxembourg,LUX,2014,0.12907403944969
Luxembourg,LUX,2015,0.18418405055413
Luxembourg,LUX,2016,0.06643370735498824
Luxembourg,LUX,2017,0.17703633981307
Luxembourg,LUX,2018,0.092454724788026
Luxembourg,LUX,2019,0.10118747105832
Madagascar,MDG,1980,15.733561211839339
Madagascar,MDG,1993,28.545681157719933
Madagascar,MDG,1997,27.32110474856916
Madagascar,MDG,1999,25.880052850776657
Madagascar,MDG,2001,36.43920435647363
Madagascar,MDG,2005,26.9282873428085
Madagascar,MDG,2010,39.204243058699724
Madagascar,MDG,2012,43.17570919174874
Malawi,MWI,1997,12.21447284136282
Malawi,MWI,2004,21.08718208834797
Malawi,MWI,2010,27.25083634655053
Malawi,MWI,2016,18.2844220481839
Malawi,MWI,2019,23.14534035488829
Malaysia,MYS,1984,0.17476196289062002
Malaysia,MYS,1987,0.040511474609375
Malaysia,MYS,1989,0.040511474609375
Malaysia,MYS,1992,0
Malaysia,MYS,1995,0
Malaysia,MYS,1997,0
Malaysia,MYS,2003,0.06449246338906481
Malaysia,MYS,2006,0.049375087363129976
Malaysia,MYS,2008,0.023954947018631052
Malaysia,MYS,2011,0.0010712755825272391
Malaysia,MYS,2013,0.0028559461463121176
Malaysia,MYS,2015,0
Maldives,MDV,2002,0.24337310295323
Maldives,MDV,2009,0.015656835222274262
Maldives,MDV,2016,0
Maldives,MDV,2019,0
Mali,MLI,1994,58.35739003893994
Mali,MLI,2001,15.087216178538828
Mali,MLI,2006,10.866598438879379
Mali,MLI,2009,5.75239578391249
Mali,MLI,2018,0.26292825851095997
Malta,MLT,2006,0.09954666867253645
Malta,MLT,2007,0.21482769244537
Malta,MLT,2008,0.06501922762039444
Malta,MLT,2009,0.21754005351339
Malta,MLT,2010,0.13144648825558
Malta,MLT,2011,0.1640529878078
Malta,MLT,2012,0.025884603083721994
Malta,MLT,2013,0
Malta,MLT,2014,0
Malta,MLT,2015,0.08437796459021495
Malta,MLT,2016,0.0754440360450785
Malta,MLT,2017,0.09683460732896385
Malta,MLT,2018,0.03545225995026272
Malta,MLT,2019,0.1550806106557
Marshall Islands,MHL,2019,0
Mauritania,MRT,1987,15.68504052259515
Mauritania,MRT,1993,7.894165039062489
Mauritania,MRT,1995,3.89092905098032
Mauritania,MRT,2000,2.26526424363646
Mauritania,MRT,2004,1.46599473125085
Mauritania,MRT,2008,1.1053658292089
Mauritania,MRT,2014,0.5369990732893299
Mauritius,MUS,2006,0
Mauritius,MUS,2012,0
Mauritius,MUS,2017,0
Mexico,MEX,1984,0.96998408038461
Mexico,MEX,1989,1.9955560738524498
Mexico,MEX,1992,0.8236493087753901
Mexico,MEX,1994,1.27819581849824
Mexico,MEX,1996,5.697742374116
Mexico,MEX,1998,2.74529738982149
Mexico,MEX,2000,1.70422985730561
Mexico,MEX,2002,1.14896636307196
Mexico,MEX,2004,1.2430054424742498
Mexico,MEX,2005,1.44713236435653
Mexico,MEX,2006,0.6992961271136
Mexico,MEX,2008,1.09817171866834
Mexico,MEX,2010,0.9198002383047801
Mexico,MEX,2012,0.7147689040729299
Mexico,MEX,2014,0.56805691820074
Mexico,MEX,2016,0.45935405920412997
Mexico,MEX,2018,0.36788176247674004
Mexico,MEX,2020,0.54642808223601
Micronesia (country),FSM,2005,0.40145213791210005
Micronesia (country),FSM,2013,4.17857319058521
Micronesia (country) - urban,,2000,24.772079622288352
Middle East and North Africa,,1990,0.30266661744993
Middle East and North Africa,,1991,0.28109107874438
Middle East and North Africa,,1992,0.21078246289722002
Middle East and North Africa,,1993,0.19111752969603002
Middle East and North Africa,,1994,0.16775256585675
Middle East and North Africa,,1995,0.19591378939749
Middle East and North Africa,,1996,0.17832562431736
Middle East and North Africa,,1997,0.17726730778027
Middle East and North Africa,,1998,0.16511025496107
Middle East and North Africa,,1999,0.16070248610888999
Middle East and North Africa,,2000,0.15217007394687
Middle East and North Africa,,2001,0.14105132343378998
Middle East and North Africa,,2003,0.11314893569287
Middle East and North Africa,,2004,0.0961237314166036
Middle East and North Africa,,2005,0.08807764693434053
Middle East and North Africa,,2006,0.08402722763632782
Middle East and North Africa,,2007,0.08960917261926273
Middle East and North Africa,,2008,0.10108498529038
Middle East and North Africa,,2009,0.11804868631674001
Middle East and North Africa,,2010,0.10049707399766
Middle East and North Africa,,2011,0.12411332329096
Middle East and North Africa,,2012,0.12162239826424999
Middle East and North Africa,,2013,0.0987820148103316
Middle East and North Africa,,2014,0.13079996560864002
Middle East and North Africa,,2015,0.4466192529356
Middle East and North Africa,,2016,0.68492784133742
Middle East and North Africa,,2017,0.8970390267345499
Middle East and North Africa,,2018,1.19673263963324
Moldova,MDA,1997,2.2096301059618
Moldova,MDA,1998,4.36903282421595
Moldova,MDA,1999,5.20371208305756
Moldova,MDA,2000,4.04789541969643
Moldova,MDA,2001,2.67856240420064
Moldova,MDA,2002,0.5963609245268701
Moldova,MDA,2003,0.10667919802084
Moldova,MDA,2004,0.21672870171009
Moldova,MDA,2005,0.8677165482345799
Moldova,MDA,2006,0.23419291296480998
Moldova,MDA,2007,0.11524573006260999
Moldova,MDA,2008,0.029105507040017513
Moldova,MDA,2009,0.035233106241214326
Moldova,MDA,2010,0
Moldova,MDA,2011,0
Moldova,MDA,2012,0
Moldova,MDA,2013,0
Moldova,MDA,2014,0
Moldova,MDA,2015,0
Moldova,MDA,2016,0
Moldova,MDA,2017,0
Moldova,MDA,2018,0
Moldova,MDA,2019,0
Mongolia,MNG,1995,0.46156982421875
Mongolia,MNG,1998,4.49374437557307
Mongolia,MNG,2002,0.6648613882724901
Mongolia,MNG,2007,0.03732372040170683
Mongolia,MNG,2010,0.015457608723353288
Mongolia,MNG,2011,0
Mongolia,MNG,2012,0.004014379203782637
Mongolia,MNG,2014,0
Mongolia,MNG,2016,0
Mongolia,MNG,2018,0
Montenegro,MNE,2005,0
Montenegro,MNE,2006,0
Montenegro,MNE,2007,0
Montenegro,MNE,2008,0
Montenegro,MNE,2009,0
Montenegro,MNE,2010,0
Montenegro,MNE,2011,0
Montenegro,MNE,2012,0.34951533283729
Montenegro,MNE,2013,0
Montenegro,MNE,2014,0
Montenegro,MNE,2015,0.0062598598374296825
Montenegro,MNE,2016,1.2603420613726501
Montenegro,MNE,2017,1.48796383993088
Montenegro,MNE,2018,0.85256190983704
Morocco,MAR,1984,0
Morocco,MAR,1990,0.056301891214480745
Morocco,MAR,1998,0.46129059526733
Morocco,MAR,2000,0.36788180165461
Morocco,MAR,2006,0.10816326739922001
Morocco,MAR,2013,0.024803984808737124
Mozambique,MOZ,1996,56.078079128404944
Mozambique,MOZ,2002,41.39060768749508
Mozambique,MOZ,2008,29.90828956894344
Mozambique,MOZ,2014,25.685057713739063
Myanmar,MMR,2015,0.16239702516145
Myanmar,MMR,2017,0.012750885495298783
Namibia,NAM,1993,30.111622682754767
Namibia,NAM,2003,7.586196486444329
Namibia,NAM,2009,4.18935880556141
Namibia,NAM,2015,3.36815053698842
Nauru,NRU,2012,0
Nepal,NPL,1984,13.419953622544789
Nepal,NPL,1995,8.705315406280139
Nepal,NPL,2003,4.07046481856298
Nepal,NPL,2010,0.28858440594064
Netherlands,NLD,1983,0.45828017323070996
Netherlands,NLD,1987,0.24944825328168
Netherlands,NLD,1990,0.74515288146568
Netherlands,NLD,1993,0.73663426877062
Netherlands,NLD,1999,0.20289830383750002
Netherlands,NLD,2004,0.04711409801345265
Netherlands,NLD,2005,0.06214209004308193
Netherlands,NLD,2006,0.02047747938585597
Netherlands,NLD,2007,0.013141208157851856
Netherlands,NLD,2008,0.09634062829791992
Netherlands,NLD,2009,0.08631958403051171
Netherlands,NLD,2010,0.004219293263312154
Netherlands,NLD,2011,0.09605309521367648
Netherlands,NLD,2012,0.043602663653350665
Netherlands,NLD,2013,0
Netherlands,NLD,2014,0.008319818399071595
Netherlands,NLD,2015,0.004987700283815352
Netherlands,NLD,2016,0.006917471288769262
Netherlands,NLD,2017,0.038136488186077115
Netherlands,NLD,2018,0.039199358812596743
Netherlands,NLD,2019,0.032967755872651584
Nicaragua,NIC,1993,3.6009533737130996
Nicaragua,NIC,1998,1.98557076200177
Nicaragua,NIC,2001,2.01890755165339
Nicaragua,NIC,2005,0.9407391100971
Nicaragua,NIC,2009,0.78787789755121
Nicaragua,NIC,2014,0.33111647276199
Niger,NER,1992,37.14856689453125
Niger,NER,1994,51.99237365522358
Niger,NER,2005,40.50324291563287
Niger,NER,2007,28.84274563802922
Niger,NER,2011,7.741000538126749
Niger,NER,2014,8.48044599836172
Niger,NER,2018,6.40356225144508
Nigeria,NGA,1985,14.08687045943553
Nigeria,NGA,1992,22.311043743530178
Nigeria,NGA,1996,25.6815343437118
Nigeria,NGA,2003,13.754820952126371
Nigeria,NGA,2010,4.18888491854761
Nigeria,NGA,2012,3.9125049772725697
Nigeria,NGA,2015,3.62231160418479
Nigeria,NGA,2018,3.5116368571115304
North Macedonia,MKD,1998,0
North Macedonia,MKD,2000,0.49937084252032005
North Macedonia,MKD,2002,0.06035421095707045
North Macedonia,MKD,2003,0.03807545714647957
North Macedonia,MKD,2004,0.060354210951452186
North Macedonia,MKD,2005,0.1114952924655
North Macedonia,MKD,2006,0.0960344354322579
North Macedonia,MKD,2008,0.14873568655636
North Macedonia,MKD,2009,4.14862987353878
North Macedonia,MKD,2010,6.044057146508431
North Macedonia,MKD,2011,3.9316059996114103
North Macedonia,MKD,2012,2.54549431924443
North Macedonia,MKD,2013,1.20052286176138
North Macedonia,MKD,2014,1.5414232158188002
North Macedonia,MKD,2015,1.73747662973998
North Macedonia,MKD,2016,1.34022618271144
North Macedonia,MKD,2017,1.63229108801068
North Macedonia,MKD,2018,0.7470769015749801
Norway,NOR,1979,0.22752122261944
Norway,NOR,1986,0
Norway,NOR,1991,0.23943663469418003
Norway,NOR,1995,0.22356891485136998
Norway,NOR,2000,0.23508182941055
Norway,NOR,2003,0.13999951837347
Norway,NOR,2004,0.22810994198699
Norway,NOR,2005,0.14209709874814
Norway,NOR,2006,0.09164853636110876
Norway,NOR,2007,0.0870853433196047
Norway,NOR,2008,0.1450625815645
Norway,NOR,2009,0.033437080666475424
Norway,NOR,2010,0.10823044971413999
Norway,NOR,2011,0.0476787451187655
Norway,NOR,2012,0.10421514706331
Norway,NOR,2013,0.08724085275212275
Norway,NOR,2014,0.08927184651386477
Norway,NOR,2015,0.09099739994734313
Norway,NOR,2016,0.18594967180707
Norway,NOR,2017,0.17013418166722
Norway,NOR,2018,0.20742639563515
Norway,NOR,2019,0.13120868328663002
Pakistan,PAK,1987,13.2197554232595
Pakistan,PAK,1990,13.656936648448589
Pakistan,PAK,1996,0.16504498305933002
Pakistan,PAK,1998,1.1610963017170999
Pakistan,PAK,2001,0.68217010408155
Pakistan,PAK,2004,0.57185834272651
Pakistan,PAK,2005,0.18416374729665
Pakistan,PAK,2007,0.08540673047739218
Pakistan,PAK,2010,0.028930123547162255
Pakistan,PAK,2011,0.019725850549278008
Pakistan,PAK,2013,0.014424723401916202
Pakistan,PAK,2015,0.002444942226947171
Pakistan,PAK,2018,0.005378844120141951
Palestine,PSE,2004,0.15127685221793
Palestine,PSE,2005,0
Palestine,PSE,2006,0
Palestine,PSE,2007,0
Palestine,PSE,2009,0
Palestine,PSE,2010,0
Palestine,PSE,2011,0
Palestine,PSE,2016,0
Panama,PAN,1979,0
Panama,PAN,1989,15.50426804252711
Panama,PAN,1991,12.89935791869437
Panama,PAN,1995,10.30016405432733
Panama,PAN,1997,8.33374101574174
Panama,PAN,1998,9.17591214553927
Panama,PAN,1999,7.57223588072971
Panama,PAN,2000,5.33063491997045
Panama,PAN,2001,6.63445294217387
Panama,PAN,2002,2.78797972633972
Panama,PAN,2003,3.23471156552411
Panama,PAN,2004,2.3573901337288703
Panama,PAN,2005,2.08059376437533
Panama,PAN,2006,3.1120794528083797
Panama,PAN,2007,1.26478305486954
Panama,PAN,2008,0.30871046287078
Panama,PAN,2009,0.10051857441131
Panama,PAN,2010,0.41447277171557
Panama,PAN,2011,0.36957949168411997
Panama,PAN,2012,0.47051327376527
Panama,PAN,2013,0.18790630791475
Panama,PAN,2014,0.42999552523721996
Panama,PAN,2015,0.16449042143266002
Panama,PAN,2016,0.18947925736051
Panama,PAN,2017,0.37005284310734
Panama,PAN,2018,0.17836273968615
Panama,PAN,2019,0.28176670356468
Papua New Guinea,PNG,1996,18.861325267131452
Papua New Guinea,PNG,2009,12.57955642464201
Paraguay,PRY,1990,0.15145848915482002
Paraguay,PRY,1995,3.9782976321811403
Paraguay,PRY,1997,3.8194764384597497
Paraguay,PRY,1999,3.15695956546874
Paraguay,PRY,2001,2.57126984335288
Paraguay,PRY,2002,3.4558128116261204
Paraguay,PRY,2003,1.8341026931238897
Paraguay,PRY,2004,0.8588178540534499
Paraguay,PRY,2005,1.20599788741123
Paraguay,PRY,2006,1.25806837249882
Paraguay,PRY,2007,1.32582779719996
Paraguay,PRY,2008,0.8268210347453799
Paraguay,PRY,2009,0.7437828685685399
Paraguay,PRY,2010,0.9491230762029
Paraguay,PRY,2011,1.08647317771842
Paraguay,PRY,2012,0.44006367241899
Paraguay,PRY,2013,0.49609943803548007
Paraguay,PRY,2014,0.19830347513963
Paraguay,PRY,2015,0.14644251600438998
Paraguay,PRY,2016,0.07252727193126308
Paraguay,PRY,2017,0.010952387715696517
Paraguay,PRY,2018,0.05944788322451237
Paraguay,PRY,2019,0.015993618546200065
Paraguay,PRY,2020,0.07524189306861966
Peru,PER,1985,0.34594353308782
Peru,PER,1994,2.5805685285497
Peru,PER,1997,6.757162011443111
Peru,PER,1998,6.4028589832671905
Peru,PER,1999,6.31557971914849
Peru,PER,2000,5.5654205178169605
Peru,PER,2001,5.73161430502664
Peru,PER,2002,4.97179047956558
Peru,PER,2003,2.80910927039116
Peru,PER,2004,3.64494591785638
Peru,PER,2005,4.54039189827614
Peru,PER,2006,3.9164338030242503
Peru,PER,2007,2.94539998838254
Peru,PER,2008,2.02261967620574
Peru,PER,2009,1.52019475471588
Peru,PER,2010,0.90364139080856
Peru,PER,2011,0.74489490189289
Peru,PER,2012,0.9130729680123999
Peru,PER,2013,0.69252634125341
Peru,PER,2014,0.57518043894723
Peru,PER,2015,0.57990671271197
Peru,PER,2016,0.50799438600947
Peru,PER,2017,0.49438102155535
Peru,PER,2018,0.33986223746252997
Peru,PER,2019,0.31767146577683997
Peru,PER,2020,0.97904397707162
Philippines,PHL,1985,1.35250488281249
Philippines,PHL,1988,1.6013007964394501
Philippines,PHL,1991,0.52259277343749
Philippines,PHL,1994,0.22968261718748997
Philippines,PHL,1997,0.9125190717331699
Philippines,PHL,2000,0.40458371601393
Philippines,PHL,2003,0.40163036079215997
Philippines,PHL,2006,0.50313909422602
Philippines,PHL,2009,0.28599158222315
Philippines,PHL,2012,0.30469065341103
Philippines,PHL,2015,0.11639141508642001
Philippines,PHL,2018,0.04750713858820814
Poland,POL,1985,0.089329833984375
Poland,POL,1986,0
Poland,POL,1987,0.06492065429687499
Poland,POL,1989,0.05271606445312499
Poland,POL,1992,0
Poland,POL,1993,0.016102294921875
Poland,POL,1995,0.49704882113249
Poland,POL,1996,0.16255737304687
Poland,POL,1998,0
Poland,POL,1999,0
Poland,POL,2000,0
Poland,POL,2001,0
Poland,POL,2002,0
Poland,POL,2003,0
Poland,POL,2004,0.003800555281456995
Poland,POL,2005,0
Poland,POL,2006,0
Poland,POL,2007,0
Poland,POL,2008,0
Poland,POL,2009,0
Poland,POL,2010,0
Poland,POL,2011,0
Poland,POL,2012,0
Poland,POL,2013,0
Poland,POL,2014,0
Poland,POL,2015,0
Poland,POL,2016,0
Poland,POL,2017,0
Poland,POL,2018,0
Poland,POL,2019,0
Portugal,PRT,2003,0.53136684398237
Portugal,PRT,2004,0.20180989881264
Portugal,PRT,2005,0.32030421316472
Portugal,PRT,2006,0
Portugal,PRT,2007,0
Portugal,PRT,2008,0.05385078624027765
Portugal,PRT,2009,0.07309697116797549
Portugal,PRT,2010,0.03675313052835785
Portugal,PRT,2011,0.13160036044228002
Portugal,PRT,2012,0.40901418737203005
Portugal,PRT,2013,0.42194008272845
Portugal,PRT,2014,0.20319620292805
Portugal,PRT,2015,0.27111985822235996
Portugal,PRT,2016,0.17812848576191
Portugal,PRT,2017,0.18000353282349998
Portugal,PRT,2018,0.15559550045272
Portugal,PRT,2019,0.022952304335614127
Romania,ROU,1989,0.16255737304687
Romania,ROU,1992,0.18696655273437
Romania,ROU,1994,0.72396850585937
Romania,ROU,1995,0.2340206541325
Romania,ROU,1997,0.24885462932266
Romania,ROU,1998,0.11701894385581
Romania,ROU,1999,0.16849537220185
Romania,ROU,2000,0.24545958938549
Romania,ROU,2001,0.16529058923072
Romania,ROU,2002,0.22030395262507002
Romania,ROU,2003,0.11350180575153
Romania,ROU,2004,0
Romania,ROU,2005,0
Romania,ROU,2006,0
Romania,ROU,2007,0
Romania,ROU,2008,0
Romania,ROU,2009,0
Romania,ROU,2010,0
Romania,ROU,2011,0
Romania,ROU,2012,0
Romania,ROU,2013,0
Romania,ROU,2014,1.65148226112626
Romania,ROU,2015,1.13570753733357
Romania,ROU,2016,0
Romania,ROU,2017,0.9728768880057901
Romania,ROU,2018,0
Romania,ROU,2019,0.41631763244583
Russia,RUS,1993,0
Russia,RUS,1996,0
Russia,RUS,1997,0.1317696211455
Russia,RUS,1998,0.19485500997364
Russia,RUS,1999,0.36586105954456
Russia,RUS,2000,0.21618353567011
Russia,RUS,2001,0.1648628196217
Russia,RUS,2002,0.061163660330993665
Russia,RUS,2003,0.07193996656438419
Russia,RUS,2004,0.07859754100762739
Russia,RUS,2005,0.05362089432068157
Russia,RUS,2006,0.02926136407359352
Russia,RUS,2007,0.012449307517915545
Russia,RUS,2008,0.014490899890871522
Russia,RUS,2009,0.00377478583004551
Russia,RUS,2010,0.008606266399266378
Russia,RUS,2011,0.003934228974052287
Russia,RUS,2012,0.00197348215212011
Russia,RUS,2013,0
Russia,RUS,2014,0.00021640802398862727
Russia,RUS,2015,0.00000222207470871759
Russia,RUS,2016,0.004497124364375899
Russia,RUS,2017,0.0012767780402644213
Russia,RUS,2018,0.0014301259349593736
Russia,RUS,2019,0
Russia,RUS,2020,0
Rwanda,RWA,2000,33.6693511990166
Rwanda,RWA,2005,24.69315893976048
Rwanda,RWA,2010,15.97459929678518
Rwanda,RWA,2013,11.26719974335067
Rwanda,RWA,2016,11.266475106281671
Rwanda - rural,,1984,4.330424804687491
Saint Lucia,LCA,1995,11.335859374999991
Saint Lucia,LCA,2016,2.8283063998599802
Samoa,WSM,2002,0
Samoa,WSM,2008,0
Samoa,WSM,2013,0.03934742404336526
Sao Tome and Principe,STP,2000,0.68666891861841
Sao Tome and Principe,STP,2010,1.29391885695008
Sao Tome and Principe,STP,2017,1.51717118560683
Senegal,SEN,1991,39.15850325266412
Senegal,SEN,1994,15.9980126953125
Senegal,SEN,2001,10.1315623209392
Senegal,SEN,2005,7.91831703384015
Senegal,SEN,2011,8.150688122439439
Senegal,SEN,2018,0.3972312397151
Serbia,SRB,2002,0
Serbia,SRB,2003,0.05056287577145514
Serbia,SRB,2004,0.025779763580927463
Serbia,SRB,2005,0.04831358773193147
Serbia,SRB,2006,0
Serbia,SRB,2007,0.06662927051302558
Serbia,SRB,2008,0.03920862663704073
Serbia,SRB,2009,0
Serbia,SRB,2010,0
Serbia,SRB,2012,2.57949140173071
Serbia,SRB,2013,0
Serbia,SRB,2014,4.20300508989708
Serbia,SRB,2015,0.02766664923348278
Serbia,SRB,2016,3.9058742868774603
Serbia,SRB,2017,2.9508777217487103
Serbia,SRB,2018,0
Serbia,SRB,2019,0
Seychelles,SYC,1999,0.030330603579011222
Seychelles,SYC,2006,0
Seychelles,SYC,2013,0.31294489507551
Seychelles,SYC,2018,0
Sierra Leone,SLE,1989,49.70971304657129
Sierra Leone,SLE,2003,16.74551154863661
Sierra Leone,SLE,2011,3.5248147825099303
Sierra Leone,SLE,2018,1.05596872867357
Slovakia,SVK,1992,0
Slovakia,SVK,1996,0.7459353778799199
Slovakia,SVK,2004,0
Slovakia,SVK,2005,0
Slovakia,SVK,2006,0
Slovakia,SVK,2007,0
Slovakia,SVK,2008,0
Slovakia,SVK,2009,0
Slovakia,SVK,2010,0.27243554420124
Slovakia,SVK,2011,0.24024489556384998
Slovakia,SVK,2012,0.16736890104291
Slovakia,SVK,2013,0.19482851110609
Slovakia,SVK,2014,0.41193913589088005
Slovakia,SVK,2015,0.27221579951654
Slovakia,SVK,2016,1.20534252520892
Slovakia,SVK,2017,0.13531998260108
Slovakia,SVK,2018,0.08332323226773841
Slovakia,SVK,2019,0.014313308216266609
Slovenia,SVN,1987,0.016102294921875
Slovenia,SVN,1993,0.028306884765625002
Slovenia,SVN,1997,0
Slovenia,SVN,1998,0.016102294921875
Slovenia,SVN,1999,0
Slovenia,SVN,2002,0
Slovenia,SVN,2003,0
Slovenia,SVN,2004,0.010197525304804323
Slovenia,SVN,2005,0.0523635063120096
Slovenia,SVN,2006,0.03082621850525552
Slovenia,SVN,2007,0.0192338486741737
Slovenia,SVN,2008,0
Slovenia,SVN,2009,0
Slovenia,SVN,2010,0.00915774460743537
Slovenia,SVN,2011,0
Slovenia,SVN,2012,0
Slovenia,SVN,2013,0
Slovenia,SVN,2014,0
Slovenia,SVN,2015,0
Slovenia,SVN,2016,0
Slovenia,SVN,2017,0
Slovenia,SVN,2018,0
Slovenia,SVN,2019,0
Solomon Islands,SLB,2005,15.067565386903631
Solomon Islands,SLB,2012,3.47660379137288
Somalia,SOM,2017,24.9004286047433
South Africa,ZAF,1993,7.071741136169329
South Africa,ZAF,2000,10.8539449840516
South Africa,ZAF,2005,5.04172725219237
South Africa,ZAF,2008,2.55829840248431
South Africa,ZAF,2010,2.6896643287115802
South Africa,ZAF,2014,4.47956252095753
South Asia,,1990,4.617225001095719
South Asia,,1991,4.2532390801516895
South Asia,,1992,3.59085973526288
South Asia,,1993,3.3216736904943605
South Asia,,1994,3.0513161463969802
South Asia,,1995,2.7318401756918997
South Asia,,1996,2.51370288693199
South Asia,,2002,1.87530367958307
South Asia,,2003,1.7534143444005799
South Asia,,2004,1.59936464925532
South Asia,,2005,1.39856866435744
South Asia,,2006,1.28834532489671
South Asia,,2007,1.16937511396689
South Asia,,2008,1.06637039945748
South Asia,,2009,0.98357233317231
South Asia,,2010,0.7823902303722499
South Asia,,2011,0.49290452308327004
South Asia,,2012,0.42999298195723
South Asia,,2013,0.46046861340726
South Asia,,2014,0.49206423262071
South Asia,,2015,0.49786355773540003
South Asia,,2016,0.50594823522104
South Asia,,2017,0.38827661828349
South Asia,,2018,0.32110732763845
South Asia,,2019,0.19840375314428998
South Korea,KOR,2006,0.24944234251427
South Korea,KOR,2008,0.2427591092818
South Korea,KOR,2010,0.24406463199826
South Korea,KOR,2012,0
South Korea,KOR,2014,0.2356428590361
South Korea,KOR,2016,0
South Sudan,SSD,2009,11.79780918234
South Sudan,SSD,2016,29.09998094405862
Spain,ESP,1980,0.23357036572829998
Spain,ESP,1985,0
Spain,ESP,1990,0.24716468457107
Spain,ESP,1995,0.73083181804276
Spain,ESP,2000,0.24625131819865
Spain,ESP,2003,0.57716812039451
Spain,ESP,2004,0.57759310083521
Spain,ESP,2005,0.56783264168364
Spain,ESP,2006,0.62601381347576
Spain,ESP,2007,0.27737795572894997
Spain,ESP,2008,0.39377413228498
Spain,ESP,2009,0.60488370013172
Spain,ESP,2010,0.53082427580631
Spain,ESP,2011,0.8554178816593699
Spain,ESP,2012,0.5659695655692
Spain,ESP,2013,0.78107857847275
Spain,ESP,2014,0.48909542123153005
Spain,ESP,2015,0.63894353352925
Spain,ESP,2016,0.71881440477907
Spain,ESP,2017,0.54164143064883
Spain,ESP,2018,0.5232443525971601
Spain,ESP,2019,0.58107732501233
Sri Lanka,LKA,1985,0.50428588867187
Sri Lanka,LKA,1990,0.17311686912644
Sri Lanka,LKA,1995,0.24234958492981
Sri Lanka,LKA,2002,0.20685403389352
Sri Lanka,LKA,2006,0.04242844294443849
Sri Lanka,LKA,2009,0.029589479237413896
Sri Lanka,LKA,2012,0.02427144363642092
Sri Lanka,LKA,2016,0.0021711501339316
Sub-Saharan Africa,,1990,20.08924927995581
Sub-Saharan Africa,,1991,21.488397601673938
Sub-Saharan Africa,,1992,22.67659855069802
Sub-Saharan Africa,,1993,23.46914866377989
Sub-Saharan Africa,,1994,24.48407925473947
Sub-Saharan Africa,,1995,23.98506661601317
Sub-Saharan Africa,,1996,23.135379016030598
Sub-Saharan Africa,,1997,22.8596069632713
Sub-Saharan Africa,,1998,22.392498107001398
Sub-Saharan Africa,,1999,22.12885039527498
Sub-Saharan Africa,,2000,22.28965497295809
Sub-Saharan Africa,,2001,21.38696307583205
Sub-Saharan Africa,,2002,19.84800259516733
Sub-Saharan Africa,,2003,18.58248014287393
Sub-Saharan Africa,,2004,17.09207905501028
Sub-Saharan Africa,,2005,16.059261018354203
Sub-Saharan Africa,,2006,15.04461681346146
Sub-Saharan Africa,,2007,13.952196321131419
Sub-Saharan Africa,,2008,12.6711651298779
Sub-Saharan Africa,,2009,12.60472084666651
Sub-Saharan Africa,,2010,11.30616668917505
Sub-Saharan Africa,,2011,10.5002519152114
Sub-Saharan Africa,,2012,10.16931908172238
Sub-Saharan Africa,,2013,9.70096214596777
Sub-Saharan Africa,,2014,9.18742835128676
Sub-Saharan Africa,,2015,9.05191864332872
Sub-Saharan Africa,,2016,8.92740434216966
Sub-Saharan Africa,,2017,8.7386169816922
Sub-Saharan Africa,,2018,8.42542769991578
Sub-Saharan Africa,,2019,8.2811340741544
Sudan,SDN,2009,2.47770250284613
Sudan,SDN,2014,0.8698506857630199
Suriname - urban,,1999,13.04604486422668
Sweden,SWE,1967,6.966285492214549
Sweden,SWE,1975,0.24301492700189
Sweden,SWE,1981,0.24968058006220997
Sweden,SWE,1987,0
Sweden,SWE,1992,0
Sweden,SWE,1995,0.24724912564248
Sweden,SWE,2000,0
Sweden,SWE,2003,0.2242777366314
Sweden,SWE,2004,0.33554878227324
Sweden,SWE,2005,0.77081477243204
Sweden,SWE,2006,0.23654618147540002
Sweden,SWE,2007,0.33462835640933997
Sweden,SWE,2008,0.42559227845018
Sweden,SWE,2009,0.33421653226099
Sweden,SWE,2010,0.36606752454748004
Sweden,SWE,2011,0.35014697840614
Sweden,SWE,2012,0.32033168379797
Sweden,SWE,2013,0.51905813577816
Sweden,SWE,2014,0.36805890163370003
Sweden,SWE,2015,0.30259563151277
Sweden,SWE,2016,0.2058744301331
Sweden,SWE,2017,0.11497082035286998
Sweden,SWE,2018,0.63217904391609
Sweden,SWE,2019,0.22941114844706
Switzerland,CHE,1982,0.49433900443676
Switzerland,CHE,1992,0.49456294173576
Switzerland,CHE,2000,0
Switzerland,CHE,2002,0
Switzerland,CHE,2006,0.046570356879883465
Switzerland,CHE,2007,0.011443547252694116
Switzerland,CHE,2008,0.04477234371345433
Switzerland,CHE,2009,0
Switzerland,CHE,2010,0.018840768976653207
Switzerland,CHE,2011,0.0031113162766244627
Switzerland,CHE,2012,0
Switzerland,CHE,2013,0
Switzerland,CHE,2014,0
Switzerland,CHE,2015,0.008386796759639121
Switzerland,CHE,2016,0.034275331669892335
Switzerland,CHE,2017,0
Switzerland,CHE,2018,0.018370309737186837
Syria,SYR,1996,0.04437228872265232
Syria,SYR,2003,0.010386852552857538
Taiwan,TWN,1981,0
Taiwan,TWN,1986,0
Taiwan,TWN,1991,0
Taiwan,TWN,1995,0.24722052514009
Taiwan,TWN,1997,0
Taiwan,TWN,2000,0
Taiwan,TWN,2005,0
Taiwan,TWN,2007,0
Taiwan,TWN,2010,0
Taiwan,TWN,2013,0
Taiwan,TWN,2016,0
Tajikistan,TJK,1999,11.80575334662489
Tajikistan,TJK,2003,3.40806796588293
Tajikistan,TJK,2004,1.4199806573515499
Tajikistan,TJK,2007,3.41732059527263
Tajikistan,TJK,2009,0.26444591416571
Tajikistan,TJK,2015,0.41178362848733996
Tanzania,TZA,1991,19.30318117755673
Tanzania,TZA,2000,44.72604587433069
Tanzania,TZA,2007,14.381568009147049
Tanzania,TZA,2011,4.9588485313933495
Tanzania,TZA,2018,5.2216437903432595
Thailand,THA,1981,1.13282226562499
Thailand,THA,1988,0
Thailand,THA,1990,0.47437459382309
Thailand,THA,1992,0.21678214676068
Thailand,THA,1994,0.052136018649698204
Thailand,THA,1996,0.04051685900965725
Thailand,THA,1998,0.013602367127902203
Thailand,THA,1999,0
Thailand,THA,2000,0.05134043623910209
Thailand,THA,2002,0.09256674352102008
Thailand,THA,2004,0.03241263451021787
Thailand,THA,2006,0.0036410203980819815
Thailand,THA,2007,0.005799224044892909
Thailand,THA,2008,0.0014652271005674597
Thailand,THA,2009,0.0003979301882931636
Thailand,THA,2010,0
Thailand,THA,2011,0
Thailand,THA,2012,0
Thailand,THA,2013,0
Thailand,THA,2014,0
Thailand,THA,2015,0.020601294247023047
Thailand,THA,2016,0
Thailand,THA,2017,0
Thailand,THA,2018,0
Thailand,THA,2019,0
Thailand,THA,2020,0
Togo,TGO,2006,18.70363555795187
Togo,TGO,2011,24.391118280764008
Togo,TGO,2015,18.812214429062323
Togo,TGO,2018,3.60102459325512
Tonga,TON,2000,0.16156794663581
Tonga,TON,2009,0.13722388524916
Tonga,TON,2015,0
Trinidad and Tobago,TTO,1988,0
Trinidad and Tobago,TTO,1992,0.24798950195312003
Tunisia,TUN,1985,0.74837768554687
Tunisia,TUN,1990,0.66904785156249
Tunisia,TUN,1995,0.41275146484374
Tunisia,TUN,2000,0.15035278320311998
Tunisia,TUN,2005,0.13438215802018
Tunisia,TUN,2010,0.03426106533950595
Tunisia,TUN,2015,0
Turkey,TUR,1987,0.18696655273437
Turkey,TUR,1994,0.21137573242187
Turkey,TUR,2002,0
Turkey,TUR,2003,0
Turkey,TUR,2004,0
Turkey,TUR,2005,0.043373634033831376
Turkey,TUR,2006,0
Turkey,TUR,2007,0
Turkey,TUR,2008,0.08497340569105888
Turkey,TUR,2009,0
Turkey,TUR,2010,0
Turkey,TUR,2011,0
Turkey,TUR,2012,0
Turkey,TUR,2013,0
Turkey,TUR,2014,0
Turkey,TUR,2015,0.005025297541290509
Turkey,TUR,2016,0
Turkey,TUR,2017,0
Turkey,TUR,2018,0
Turkey,TUR,2019,0
Turkmenistan,TKM,1998,8.72361477572559
Tuvalu,TUV,2010,0
Uganda,UGA,1989,24.0042236328125
Uganda,UGA,1992,21.77431478303109
Uganda,UGA,1996,19.00976336149087
Uganda,UGA,1999,24.2612436977831
Uganda,UGA,2002,21.97822103549002
Uganda,UGA,2005,15.288767609342498
Uganda,UGA,2009,8.91363708482578
Uganda,UGA,2012,5.5702597390943795
Uganda,UGA,2016,6.6697483488652995
Uganda,UGA,2019,7.33146923657345
Ukraine,UKR,1992,0.30538899854754
Ukraine,UKR,1993,0.12234286588163
Ukraine,UKR,1995,0.80940063476562
Ukraine,UKR,1996,0.71543552137363
Ukraine,UKR,1999,0.56530883789062
Ukraine,UKR,2002,0.021574096004685375
Ukraine,UKR,2003,0.04013507459897334
Ukraine,UKR,2004,0
Ukraine,UKR,2005,0
Ukraine,UKR,2006,0
Ukraine,UKR,2007,0
Ukraine,UKR,2008,0
Ukraine,UKR,2009,0
Ukraine,UKR,2010,0
Ukraine,UKR,2011,0
Ukraine,UKR,2012,0
Ukraine,UKR,2013,0
Ukraine,UKR,2014,0
Ukraine,UKR,2015,0
Ukraine,UKR,2016,0
Ukraine,UKR,2017,0
Ukraine,UKR,2018,0
Ukraine,UKR,2019,0
Ukraine,UKR,2020,0
United Arab Emirates,ARE,2013,0
United Kingdom,GBR,1969,0.23430556459740998
United Kingdom,GBR,1974,0
United Kingdom,GBR,1979,0.22443617830204998
United Kingdom,GBR,1986,0.49092613704902
United Kingdom,GBR,1991,0.24079675412053003
United Kingdom,GBR,1994,0.24662726099752
United Kingdom,GBR,1995,0.24714140992835001
United Kingdom,GBR,1996,0
United Kingdom,GBR,1997,0
United Kingdom,GBR,1998,0.24555744163816998
United Kingdom,GBR,1999,0.24853189048256003
United Kingdom,GBR,2000,0.24815137698065
United Kingdom,GBR,2001,0.23821338982918
United Kingdom,GBR,2002,0.24294824556936
United Kingdom,GBR,2003,0.24797288287337002
United Kingdom,GBR,2004,0.23567519790644
United Kingdom,GBR,2005,0.35473469123571
United Kingdom,GBR,2006,0.12345103238201999
United Kingdom,GBR,2007,0.18157128179123
United Kingdom,GBR,2008,0.19865917401759
United Kingdom,GBR,2009,0.14747025978453
United Kingdom,GBR,2010,0.09809010788809612
United Kingdom,GBR,2011,0.25065226309755
United Kingdom,GBR,2012,0.1485689569875
United Kingdom,GBR,2013,0.08913013166871471
United Kingdom,GBR,2014,0.0910988013256019
United Kingdom,GBR,2015,0.12025379747996
United Kingdom,GBR,2016,0.14341185301712
United Kingdom,GBR,2017,0.16745846794257
United States,USA,1974,0.49408252908422
United States,USA,1979,0.49915837768329996
United States,USA,1986,0.24900512008665002
United States,USA,1991,0.24888784776605
United States,USA,1992,0.24939379983531001
United States,USA,1993,0.49965855468389997
United States,USA,1994,0.4997927893857
United States,USA,1995,0.49998137028884
United States,USA,1996,0.4987853911077
United States,USA,1997,0.49919349787091
United States,USA,1998,0.49948557183153997
United States,USA,1999,0.49788958209990003
United States,USA,2000,0.49963611538422
United States,USA,2001,0.74930692802001
United States,USA,2002,0.7489158613740501
United States,USA,2003,0.7499658267392599
United States,USA,2004,0.74606883235991
United States,USA,2005,0.74959627127763
United States,USA,2006,0.74906426987369
United States,USA,2007,0.74934246139787
United States,USA,2008,0.99974924122467
United States,USA,2009,0.74889335678145
United States,USA,2010,0.99972679742009
United States,USA,2011,0.74651558324694
United States,USA,2012,0.7494130744828
United States,USA,2013,0.74941816754652
United States,USA,2014,0.99754791770006
United States,USA,2015,0.99666979886999
United States,USA,2016,0.9993910607473501
United States,USA,2017,0.9991196289442599
United States,USA,2018,0.7489723068777699
United States,USA,2019,0.7489591566796601
Uruguay,URY,2006,0.0517230569894046
Uruguay,URY,2007,0.03539820646863022
Uruguay,URY,2008,0.029025595449106184
Uruguay,URY,2009,0.03123426292764305
Uruguay,URY,2010,0.03561123461685252
Uruguay,URY,2011,0.026939207090328023
Uruguay,URY,2012,0.021940942195396006
Uruguay,URY,2013,0.02250067046710628
Uruguay,URY,2014,0.01909486251552556
Uruguay,URY,2015,0.027177715427392654
Uruguay,URY,2016,0.025159771739049173
Uruguay,URY,2017,0.019156413403991573
Uruguay,URY,2018,0.03311634190212738
Uruguay,URY,2019,0.025873405124924476
Uruguay,URY,2020,0.05576331608123225
Uruguay - urban,,1981,0
Uruguay - urban,,1989,0.09840131815508092
Uruguay - urban,,1992,0.08601071550163958
Uruguay - urban,,1995,0.07461650586520442
Uruguay - urban,,1996,0.10298130889243001
Uruguay - urban,,1997,0.06194720721340813
Uruguay - urban,,1998,0.07547792808477062
Uruguay - urban,,2000,0.04861431830572156
Uruguay - urban,,2001,0.02413147253780872
Uruguay - urban,,2002,0.02055300963735635
Uruguay - urban,,2003,0.060713497914614126
Uruguay - urban,,2004,0.04425121648499672
Uruguay - urban,,2005,0.013047026946661934
Uzbekistan,UZB,1998,24.92114389240288
Uzbekistan,UZB,2000,36.41919484193742
Uzbekistan,UZB,2002,27.64366026532072
Uzbekistan,UZB,2003,34.32346480816828
Vanuatu,VUT,2010,1.1104286953126299
Vanuatu,VUT,2019,0.47923712840287996
Venezuela,VEN,1981,0
Venezuela,VEN,1987,0
Venezuela,VEN,1989,2.8673664041477
Venezuela,VEN,1992,2.11521757580657
Venezuela,VEN,1995,3.10171344150691
Venezuela,VEN,1998,4.57256395704711
Venezuela,VEN,1999,4.28810044950706
Venezuela,VEN,2001,3.64594617672094
Venezuela,VEN,2002,6.565521070060989
Venezuela,VEN,2003,8.00147648238686
Venezuela,VEN,2004,7.12357613484178
Venezuela,VEN,2005,8.33451777909897
Venezuela,VEN,2006,3.3751961656638305
Vietnam,VNM,1992,4.37518352279877
Vietnam,VNM,1997,1.09531563210516
Vietnam,VNM,2002,1.69049732438748
Vietnam,VNM,2004,1.3889589259764599
Vietnam,VNM,2006,0.9036841216420699
Vietnam,VNM,2008,0.51272555646413
Vietnam,VNM,2010,0.10770479069753999
Vietnam,VNM,2012,0.019500977765916225
Vietnam,VNM,2014,0.014540396410847941
Vietnam,VNM,2016,0.048636241835875754
Vietnam,VNM,2018,0.04352944474146598
World,OWID_WRL,1990,8.90328603964946
World,OWID_WRL,1991,8.7424275912674
World,OWID_WRL,1992,8.40088429309556
World,OWID_WRL,1993,8.0406380406359
World,OWID_WRL,1994,7.33883736338306
World,OWID_WRL,1995,6.69335052111069
World,OWID_WRL,1996,6.24404828128773
World,OWID_WRL,1997,6.3010897450272205
World,OWID_WRL,1998,6.48938316016578
World,OWID_WRL,1999,6.1381034320982995
World,OWID_WRL,2000,5.79608360548542
World,OWID_WRL,2001,5.46901760602373
World,OWID_WRL,2002,4.95209150477533
World,OWID_WRL,2003,4.3808108940440205
World,OWID_WRL,2004,3.7153503045797898
World,OWID_WRL,2005,3.1840009222417103
World,OWID_WRL,2006,3.00097372767098
World,OWID_WRL,2007,2.74927755430437
World,OWID_WRL,2008,2.53590570769026
World,OWID_WRL,2009,2.3808213791450696
World,OWID_WRL,2010,2.09233425967067
World,OWID_WRL,2011,1.86763334835865
World,OWID_WRL,2012,1.7241766332591901
World,OWID_WRL,2013,1.6187359481325099
World,OWID_WRL,2014,1.57682360687592
World,OWID_WRL,2015,1.5691563658139802
World,OWID_WRL,2016,1.58852855427877
World,OWID_WRL,2017,1.55638221463458
World,OWID_WRL,2018,1.50533685282194
World,OWID_WRL,2019,1.49722439111877
Yemen,YEM,1998,0.39157601143276
Yemen,YEM,2005,0.35938142282495
Yemen,YEM,2014,1.20962153712701
Zambia,ZMB,1991,38.51855322300107
Zambia,ZMB,1993,30.712363434276867
Zambia,ZMB,1996,14.73953944348737
Zambia,ZMB,1998,15.85958020492483
Zambia,ZMB,2002,14.305807577286151
Zambia,ZMB,2004,30.160359964496582
Zambia,ZMB,2006,33.91606558200494
Zambia,ZMB,2010,36.47649631985652
Zambia,ZMB,2015,34.330913558898715
Zimbabwe,ZWE,2011,0.35172851562498997
Zimbabwe,ZWE,2017,2.39889510557484
Zimbabwe,ZWE,2019,7.3590528306062595